step,full_kelly,half_kelly
0,1.0,1.0
1,0.9987388034348798,0.9993694017174398
2,0.9191888125650688,0.9595692925653905
3,0.8699069758586417,0.9338458848507423
4,1.0552547110961712,1.0333313612415522
5,0.8843150254643766,0.9496371894995379
6,0.8438755714903803,0.9279238812830483
7,0.983228128235314,1.0045397768546558
8,0.8910815570521317,0.9574678444128887
9,0.8730875174369116,0.9478005394471901
10,0.8033565425817502,0.9099514955289347
11,0.7457584902890972,0.8773312135960718
12,1.0429131037680675,1.052121726251257
13,0.9484161583025934,1.0044560631056936
14,1.0065815348485463,1.0352571859160495
15,0.8533437117287963,0.9564555429062146
16,0.9265749665243156,0.9974955357018797
17,0.9088447208115656,0.9879518713550502
18,0.895717192858539,0.9808167879296456
19,0.8052212645700741,0.9312699407705883
20,0.7583590343832475,0.9041709381419352
21,0.518597452963431,0.7612403180966059
22,0.5534558551617479,0.7868243438435057
23,0.5663749116440121,0.7960075768375483
24,1.00636921101798,1.1052010005455049
25,0.8858779620730859,1.0390388766286915
26,1.0716309372413975,1.1479729346549576
27,1.052761997757873,1.1378663620094869
28,0.967266147886425,1.0916627320022665
29,1.853124463311774,1.5915553990294768
30,1.6697222425265676,1.5127979274015222
31,1.5937630983379485,1.478387762354593
32,1.5223167346026778,1.4452506449495313
33,2.5741955452821412,1.9445647807624105
34,2.4146071651171606,1.8842877081723928
35,2.361280514774993,1.8634804412162216
36,1.8790078425526726,1.6731799482430236
37,2.305790077782976,1.8631960466547215
38,2.1810014406220635,1.8127782532775383
39,2.1394919689187186,1.7955275843400156
40,1.921793165825101,1.7041778125925793
41,1.8932434011484958,1.6915193547569982
42,1.7304252820524193,1.6187843858699889
43,2.067893640561633,1.7766324348859943
44,1.9247288345688718,1.7151323574952104
45,1.7287775549686342,1.6278259343516512
46,1.7944145879414262,1.6587280201115928
47,4.072329747849401,2.711562111120352
48,4.647427257466173,2.9030265447286614
49,4.537373608685564,2.868653907347292
50,3.4079081583938247,2.5116141574145354
51,3.4079081583938247,2.5116141574145354
52,3.369919222408808,2.4976153134007855
53,3.624146071555783,2.591825416017614
54,4.361556478497297,2.855506707694476
55,4.250015850583625,2.8189939383702463
56,3.3713820322300063,2.5275993300835706
57,2.5653898866150877,2.225464302395628
58,2.6138523771012006,2.246484799736938
59,3.0648171114637783,2.440276428873711
60,3.237316831855496,2.5089505106133174
61,3.0872659446409547,2.450805097351569
62,2.41108024001981,2.182412383319527
63,2.581258035632872,2.2594314145295615
64,2.542203140774616,2.242338614213638
65,3.002057401083387,2.4451447842364655
66,2.793844079324775,2.360350982904937
67,2.7281207678045245,2.3325881445821763
68,2.542979705172805,2.2534388171648208
69,2.263164802323446,2.1294610751444414
70,2.282742877074164,2.1386717937065898
71,2.8378497007027583,2.3987079366536617
72,3.611623527350708,2.7257262101541366
73,4.582898903478116,3.092241536286399
74,3.553861461488637,2.745077831878822
75,3.458420001140135,2.7082173295936443
76,3.661718605175405,2.787816800211586
77,3.423272538490641,2.6970474071581956
78,5.989519451257825,3.7079645200063203
79,5.6092411102301085,3.5902540252218413
80,6.51989828808739,3.8816918983805104
81,5.849020186330002,3.681984634760262
82,5.3932615208315235,3.538533565173753
83,5.062010497912846,3.4298662162450513
84,4.59530305130498,3.271752744863441
85,4.074240541008431,3.0862603323636773
86,4.010428093270924,3.062091186705607
87,3.608659970995431,2.908709727456496
88,3.1254424844443625,2.7139643905578716
89,2.758181637766958,2.5545097109581913
90,2.8551954558127686,2.5994347327373575
91,2.823533429531002,2.585021819138376
92,2.7942849153138942,2.5716329131247573
93,2.750264157604433,2.551376347882264
94,2.8651865976744046,2.6046822084529153
95,2.680314410211478,2.5206504567489767
96,2.452547098922664,2.413550749519604
97,2.0537322230554165,2.217313959002556
98,1.8559337162773222,2.110537285484614
99,2.04073559604661,2.215614113999552
100,1.9968096583301354,2.191769053482201
101,2.1993319321642817,2.30291686633927
102,2.1813599679173743,2.2935076591659076
103,2.3666043476467507,2.3908917246056873
104,2.1844018745183393,2.2988555577579044
105,2.0949548878605513,2.251788737132626
106,2.2351810516915105,2.3271506693144532
107,2.6003440748566207,2.5172447498643225
108,2.4738009177990503,2.4559951443189507
109,1.969775553731939,2.205796383809199
110,2.092722530319447,2.274635697974509
111,2.016891610039185,2.233424377366847
112,1.8814085014434425,2.158410113845444
113,1.8256548861323565,2.1264289765542683
114,2.1942860548750067,2.341110295797485
115,2.016514883842792,2.246277190999032
116,1.880393351286176,2.170461560716385
117,1.7649712864549802,2.1038480633852887
118,1.7253440876917239,2.080230227215582
119,1.9819458830877879,2.2349213450478573
120,2.4756925686431708,2.5133055875265606
121,2.1147824759007032,2.3301089006331015
122,2.0528023019260897,2.2959634136416973
123,1.8576237045400465,2.1868143449993354
124,1.8045626720523016,2.1555823396364926
125,1.7569367246289247,2.1271373172595385
126,2.7111427063921325,2.7047697167955786
127,2.881808425894699,2.789901987538339
128,2.6903676110406662,2.697234288836021
129,2.388898505713864,2.5461150134300774
130,1.817311357566706,2.241512993733499
131,1.6715761793653483,2.1516364587571806
132,2.0351632872853243,2.3856393378936023
133,3.0321901411159744,2.970001904350715
134,3.2550802589607786,3.07916129799883
135,2.9597398977892837,2.939471868321511
136,2.9395390071326233,2.929440589923594
137,3.1523700572015403,3.035490537781935
138,2.992141480777497,2.9583466240294327
139,2.906581939247481,2.916050031026575
140,2.1321692108200927,2.527582355255026
141,2.592398813115651,2.800372201441968
142,2.405251219329314,2.6992915118978797
143,2.641202904883815,2.8316898195916718
144,2.548209781454099,2.781839866674188
145,2.775345545865015,2.9058201074660674
146,2.7194788479584053,2.8765735557426924
147,2.5017626385663667,2.76142710202715
148,3.587887812099467,3.360855569810762
149,5.157201119483709,4.095861183993308
150,4.456720978063344,3.8176997011530727
151,4.413195096870505,3.7990572121527255
152,5.101737499247186,4.095419815913097
153,4.7732842224347065,3.9635868806966235
154,4.18321845709678,3.7186007435576247
155,5.575657720229648,4.337493317821877
156,5.536547032267883,4.3222805522432015
157,7.454027332281321,5.070751373655392
158,7.3974412069233555,5.0515044511463945
159,6.928569833061505,4.891414917088215
160,6.213875572033221,4.639135857067081
161,6.719246047783812,4.827784814386843
162,5.872908280039457,4.5237375601338226
163,10.974701736604821,6.488622212083014
164,10.681599412309955,6.401976110098779
165,12.461123995125767,6.935251766054906
166,16.4769033063342,8.052744881886145
167,16.306067960372232,8.01099876514734
168,15.862587374867879,7.902060104046571
169,14.057117220613698,7.452356239922147
170,9.341920919271892,6.202479681760091
171,8.82508668625488,6.030906091230493
172,8.492249437537327,5.917178585652248
173,8.31462429930162,5.855296296868074
174,10.182906792422227,6.513134051749637
175,10.206687836166456,6.520739401035165
176,9.82908376900039,6.400119580076395
177,9.541372273234943,6.306449202412661
178,11.03381683075885,6.7996710115985355
179,10.757201226335043,6.714437808274323
180,10.52057294794088,6.640588401466399
181,10.26527821021531,6.560017348792522
182,9.494068857794854,6.313597006945638
183,12.320279585450049,7.25331820859205
184,13.791340595647483,7.686347083351352
185,12.360751005620862,7.287690837915566
186,12.228214420117189,7.248620167394636
187,10.583252085615888,6.761071178522865
188,11.93062702896389,7.191453910713257
189,16.013231458089614,8.421894754956176
190,14.154645400206851,7.933148426225319
191,11.480456628436386,7.183757118764863
192,9.932016921950312,6.699298393626048
193,10.005167367896481,6.723968944878188
194,10.005167367896481,6.723968944878188
195,10.858355124082015,7.010661199280123
196,9.829610464364091,6.678558399756847
197,8.967616059983694,6.385724823554164
198,8.85891514239315,6.347022556242649
199,8.513673074915596,6.223347187734044
200,9.001385594425363,6.401601879334583
201,6.7613358207732865,5.605063019267586
202,6.087959073379329,5.3259525590789
203,5.853795856719812,5.223525607125227
204,5.9141791022126595,5.250466538855118
205,5.856160895134509,5.224712951616423
206,4.483249090435817,4.61227502377568
207,4.338882332617244,4.538014239028011
208,4.245183141607358,4.489014493195795
209,4.718275543893878,4.739147241259157
210,4.497288911386048,4.628165148324803
211,3.440691620861468,4.084492409906808
212,3.2059766395782323,3.9451757164649877
213,3.382691560550651,4.05390567512263
214,2.9187537640783434,3.7759081053831034
215,2.851354398022315,3.7323117911409183
216,2.469124092418994,3.482149503786503
217,2.642953861384649,3.6047235869614935
218,2.5315046276230784,3.5287208069737557
219,2.4287142205735353,3.4570798855716895
220,2.517126773994755,3.52000397467929
221,2.438706959963366,3.4651720011895284
222,2.381515266696937,3.4245400069686185
223,2.190516355706126,3.2872149557455255
224,2.056621030865408,3.186749439207775
225,2.0167600133164587,3.1558669690263548
226,1.9386842295078943,3.0947796840803625
227,3.1918308076329835,4.094997386408497
228,3.755538802518068,4.456605332580284
229,4.310347188071962,4.7857940508491374
230,4.310347188071962,4.7857940508491374
231,5.066478893397173,5.205561932542963
232,3.8637721418620914,4.587700434100456
233,3.2971628609973513,4.2513149604819525
234,2.977187341978629,4.045029015816667
235,2.8094316229707457,3.931066293117279
236,2.646711424332536,3.817224069151774
237,2.569067450417613,3.7612329922009913
238,3.7955455990944493,4.659043222186785
239,4.383192491755829,5.019712354043129
240,4.767106757072164,5.239545179560886
241,4.448566472108439,5.064490759801814
242,4.789216740595488,5.258398184574875
243,3.8919219018127142,4.7657984749721445
244,4.4636414361466965,5.1158440506004235
245,2.84737652236809,4.189631745957239
246,2.707203824803121,4.086506644829722
247,2.3133265345369036,3.7892290351474367
248,2.239079613617667,3.72842080416119
249,1.960392433932617,3.496391743588408
250,2.847182316035518,4.287193821890271
251,2.545771633779036,4.060266658226755
252,2.545771633779036,4.060266658226755
253,2.4746503015919745,4.003550735648277
254,2.409561310797066,3.9508994424914374
255,3.562515030008335,4.896134615806742
256,4.201379937078444,5.335145898563744
257,4.531674542722134,5.544859128146479
258,3.960995054160977,5.195723577748645
259,4.230818134132861,5.372689986348167
260,4.049731120777889,5.2577093428337704
261,3.6526204136633753,4.999927700958463
262,4.348569791077031,5.476256497345136
263,4.304372949144927,5.448427434639341
264,3.510822148619626,4.946193543263716
265,3.7931748699563737,5.145088723378132
266,3.4321419156100137,4.9002349207116715
267,3.3506796742992133,4.842081130832666
268,3.2765308311099153,4.78850473001556
269,3.2256826835693833,4.751348571938468
270,3.3363570557631266,4.832858839974357
271,3.313038610362275,4.815969946923282
272,4.293353216136552,5.528482874658618
273,4.231022997591746,5.488352057503446
274,3.8868365765844066,5.2651180721321085
275,3.8528419439581247,5.242093467023368
276,2.1857211149075777,4.107969185023048
277,2.1052118320923907,4.032312311266974
278,1.6386853435783468,3.5855210491027276
279,1.8072856311343681,3.7699737514735245
280,1.8304384431255585,3.794121980169617
281,2.6040930338984447,4.595935310449741
282,2.834138135284804,4.798937351984866
283,4.000154044600474,5.7861223502314765
284,3.3106008959186073,5.287411695494788
285,3.3106008959186073,5.287411695494788
286,3.3001851462494263,5.2790941183615745
287,3.743456983461909,5.633630855690264
288,4.143786881535379,5.934864565093858
289,3.65210754657359,5.582765103191461
290,3.4118026553433753,5.399095024507043
291,3.3727263548020208,5.3681763751680265
292,2.922810323130835,5.010123518524638
293,2.71420754558317,4.8313357139329245
294,2.625371818346148,4.752271159276473
295,2.3311428852595895,4.4859744650023705
296,2.5786576923980182,4.724129129727981
297,3.346288967378996,5.427283580533646
298,3.07795476273068,5.209680462993555
299,2.4826137008328057,4.705849682804377
300,2.288032235403055,4.521432927377418
301,2.2173196058545033,4.451564503612413
302,2.1044833531853535,4.338297598882851
303,1.8314361488748747,4.05686034516239
304,1.0537623443050141,3.1955379285525547
305,1.0045034518598752,3.1208490482857485
306,0.9673410652674618,3.0631199291800737
307,1.0503853805775094,3.194601319955616
308,1.9359620061097778,4.541280505118962
309,1.8837104347518085,4.47999597535523
310,2.2251537640760803,4.886020360251248
311,2.1955849783286157,4.853556606167716
312,2.1698098144833504,4.825067338389187
313,2.584207412248964,5.285821156705263
314,2.2044456097231357,4.897432639439808
315,2.417117044176072,5.133669818522921
316,3.5553676978255377,6.3424244877752125
317,3.9875122268716146,6.727876046689389
318,7.228735332869833,9.462230959743767
319,12.295037227831365,12.778061214583225
320,10.543274332811064,11.867769806301206
321,9.887513569352631,11.49869955625043
322,8.83660651324412,10.887622544068563
323,8.281367117960603,10.545566068634052
324,7.9541823613681055,10.33724608848168
325,7.497976841965893,10.040804008910527
326,6.17429838489879,9.154511863818815
327,4.706741719728473,8.066553033145274
328,5.113644889055257,8.41523437048863
329,8.248106626182635,10.994337017967245
330,7.999695370296244,10.828776775474632
331,6.251127303948224,9.645303381130564
332,6.208148923860065,9.612146200463485
333,5.730010043985288,9.241992320953731
334,5.2384466150104245,8.845568457734142
335,8.800569902806977,11.853044500995367
336,13.531791175802944,15.039166360841648
337,16.81234766133915,16.86216355689428
338,15.901375016373436,16.40532760379917
339,14.87927044155587,15.878078847702344
340,13.658747159496388,15.226851860999007
341,12.957236915395688,14.835827982997577
342,10.965095271719346,13.695342903642766
343,10.823959454048259,13.60720397866795
344,18.611361285607316,18.502120928224922
345,16.739317761637338,17.571593194872648
346,16.095861638053183,17.23386888007762
347,12.919516314452837,15.5334094683441
348,14.839911780485437,16.687875641418447
349,17.83416264440261,18.371433023544103
350,16.11966980283811,17.488361274222758
351,15.183562157479066,16.980565863589764
352,11.41135560934719,14.871238649156545
353,11.364279136285306,14.840563701778233
354,9.270308634256804,13.47331012360027
355,9.270308634256804,13.47331012360027
356,5.4859687254033815,10.723262244035418
357,5.272694562371294,10.514821866907486
358,4.28257522138952,9.527572522739039
359,3.5854731708263943,8.752140685684777
360,4.085818282390672,9.362811941495053
361,5.211203148126152,10.652243596482991
362,4.991965866764442,10.428171644180061
363,5.7634614323529805,11.233995281140908
364,5.2737154953626675,10.756694998170076
365,6.065027427837264,11.563706782700978
366,5.397969602466482,10.92779365687654
367,5.071806322416496,10.597646834522475
368,4.066175134774797,9.54700299139063
369,3.7787358404851057,9.209562557632864
370,5.235381490980837,10.98463626069728
371,6.9225512524266195,12.754607195141757
372,4.63156816402103,10.644071041792003
373,4.427413011276264,10.409480739716367
374,3.6535354571553365,9.499732374925971
375,2.241941723013925,7.664556166330103
376,2.0201816325180606,7.285489072032255
377,1.983717177930063,7.219737215579789
378,2.2070983887949813,7.626235092213991
379,2.0798868269953523,7.406456653324062
380,1.441699455378473,6.2701671583308345
381,1.3785775551835426,6.132903852828028
382,1.5848883984652267,6.591813313846339
383,1.7564961892565591,6.948685924306956
384,2.0064574125565513,7.443108298972724
385,1.9376738624856191,7.315529360799938
386,1.6980887562704268,6.863262363535681
387,1.468296717694589,6.398880556644274
388,1.30651298492283,6.0463514085712635
389,1.2503206234754443,5.916326384821341
390,1.3161666144485877,6.072112975242549
391,2.0193925805091464,7.694273675175191
392,1.9370857529304846,7.537471262697769
393,1.7571611041570125,7.18741529136832
394,1.4275397416723399,6.5132808550098025
395,1.5661246251539,6.829433968658597
396,1.3382411567262413,6.3325657516663965
397,1.139392885927833,5.862090104169299
398,0.9973539605028929,5.4967003472978835
399,0.8791856133945064,5.171070721150527
400,0.7550397075446538,4.805978726291633
401,0.6731942231499092,4.545497288750208
402,0.5094415496144962,3.992657329653391
403,0.401590327245115,3.5700249650268305
404,0.3683668625889094,3.4223513406880817
405,0.4961818778558762,4.016090807078593
406,0.5216585923270893,4.119194934162538
407,0.49190243638955616,4.001712534178237
408,0.558727852039623,4.273530768472127
409,0.5330620639838992,4.175376063500088
410,0.5563346478035385,4.266520975117036
411,0.5039865755126325,4.065792735991649
412,0.5039865755126325,4.065792735991649
413,0.43661105947667467,3.794024699904525
414,0.47303801954442337,3.952294609976349
415,0.4403230974898631,3.8156258806567047
416,0.6019766976724056,4.516031632789706
417,0.5682013263520598,4.389340146323807
418,0.35244191480545145,3.555972286089407
419,0.3273416151851573,3.429347208207317
420,0.3177914561423818,3.379321776468745
421,0.31520555374363746,3.365572828661941
422,0.2785355345637747,3.169802768914462
423,0.1704223528778873,2.554625493237967
424,0.129387851326821,2.247072575459103
425,0.12721866129889786,2.2282364661462073
426,0.08305907463083341,1.8415086058657848
427,0.08029363861138204,1.8108522672813163
428,0.0826024654637216,1.8368876071452542
429,0.09810614948492571,2.0092706279411243
430,0.09178238146526545,1.9445134164588354
431,0.12327604649919433,2.2781278488491687
432,0.10651986959507456,2.1233016910936637
433,0.11152279160845009,2.173164279227649
434,0.13185869070868592,2.371299785312226
435,0.1292700466765207,2.3480231586267513
436,0.12522768812771826,2.311311051947421
437,0.1164983377368525,2.230752813045206
438,0.09595569755965788,2.034073816362165
439,0.11152661228037375,2.1991103422574874
440,0.1003299790231405,2.0887212992703956
441,0.08602139918252999,1.9397795982634563
442,0.10374055767605107,2.1395628061091925
443,0.10206302272116521,2.1222639238020924
444,0.12021634969759075,2.3110009899396697
445,0.11876976794970467,2.2970966755107134
446,0.1259550468510251,2.3665810256183515
447,0.11505833315626006,2.264211344861821
448,0.11116579329514506,2.225911064160319
449,0.09936196785608677,2.107735027875224
450,0.1105801258683708,2.2267187049345227
451,0.10027388347513794,2.12295185472349
452,0.1267240765427095,2.4029474252776013
453,0.1202087587666499,2.3411755564189978
454,0.15050213894477776,2.636171203666364
455,0.13517819359574731,2.50196532546787
456,0.14391244613535584,2.582794919416031
457,0.12843283705304637,2.4438887415072363
458,0.10527847861231994,2.2235919809258964
459,0.08662795148544435,2.0266326255761866
460,0.08319597106467447,1.9864875951800818
461,0.10838362060342105,2.287192982232824
462,0.10535024056294663,2.255186644455992
463,0.1050997803624994,2.252505898327658
464,0.0958931962880449,2.1538478190261063
465,0.09035886260845917,2.091694751931895
466,0.12479751586876467,2.4903006451928813
467,0.14087505403345446,2.6507121060537826
468,0.13390965067088528,2.58518141595614
469,0.1519350761532514,2.7591755782075347
470,0.10161829134975986,2.302293443684226
471,0.09452461594604093,2.221935261330057
472,0.07619579432059698,2.006512777670082
473,0.07751240055841967,2.023848296401181
474,0.06648372717412207,1.8798689996720515
475,0.06450289456520673,1.851864358737233
476,0.06881474858103578,1.9137605637511004
477,0.03763298404298114,1.4801730515419314
478,0.048450727372509036,1.6929137172379733
479,0.040900501382884924,1.5610077393585395
480,0.04032865162460556,1.5500951359888662
481,0.03909684075533058,1.526421842189026
482,0.03833155605671961,1.511482690369022
483,0.03578136172642619,1.4612032993939716
484,0.0329589447073564,1.4035737841722995
485,0.04151197902950286,1.5856914893397713
486,0.05048064630343628,1.75698589278039
487,0.054558473305039906,1.82795055983269
488,0.05293700274060146,1.8007873361713005
489,0.030580379833014353,1.4205285254409572
490,0.0444690979374526,1.7431098726461864
491,0.0374896267001845,1.6063184176379914
492,0.058037501543948156,2.046525919153277
493,0.061464196755680066,2.106942205014044
494,0.058643658571943494,2.0585993383221513
495,0.033642809104967614,1.6197903227909207
496,0.05307818060915043,2.0876648481329987
497,0.06597108905586603,2.3412160385233207
498,0.13319625659031503,3.5340767497569074
499,0.128273464978119,3.4687688956703187
500,0.12309771111454305,3.398787570940842
501,0.10287461462252655,3.1196028144548107
502,0.10042478320105469,3.082458077507772
503,0.10042478320105469,3.082458077507772
504,0.12027810488117772,3.3871489607120524
505,0.11350108669766941,3.291725233676804
506,0.0975292242998349,3.0601195988170757
507,0.08782449070527176,2.9078696158646764
508,0.09916845038382878,3.0956689153992984
509,0.0865377669404005,2.8985275162711863
510,0.11150061729274945,3.3165849216620336
511,0.0623387033146216,2.5854245631870163
512,0.059820742941746184,2.5332098374145864
513,0.04990936518691748,2.323352868107852
514,0.05956099719572816,2.5480015570423866
515,0.04625144800688891,2.2633123002016116
516,0.05814538301130982,2.5543268581598277
517,0.056058022500284674,2.5084779812598623
518,0.059619741020768564,2.588167667816625
519,0.05348985570468573,2.455114666320167
520,0.04204044434779822,2.1923581363884104
521,0.06639098104742314,2.82728360027261
522,0.06152366858428597,2.7236454819067997
523,0.06595108916723225,2.8216461728987765
524,0.05664982072188942,2.6226738068370383
525,0.04587691108583445,2.3733011913030015
526,0.04579196378507989,2.3711039473592934
527,0.040519695077567565,2.234605137190395
528,0.03883282720656662,2.188090922274857
529,0.030142807172288323,1.9432651483201906
530,0.026926633867034,1.8395940227455911
531,0.03799436241383572,2.2176607239271653
532,0.03685536600195796,2.184420166028035
533,0.03203936970121909,2.041697944272165
534,0.03028102845115731,1.9856730950154788
535,0.028067331615392474,1.91309170541061
536,0.023439783578901443,1.7553830231904397
537,0.0289925840547601,1.9633049874371529
538,0.03344029303889301,2.113898829205864
539,0.03905232481245743,2.291278665288733
540,0.036584599193214766,2.218885445546877
541,0.03204080175129759,2.0810929558965725
542,0.024778163934042807,1.8452339327667144
543,0.024460984793239087,1.833423741443928
544,0.03182462430127032,2.1093871094680656
545,0.027934096368374114,1.9804518957639228
546,0.023324155774788833,1.817035734605021
547,0.02125058360517652,1.736266364711243
548,0.0205627418716408,1.7081665137054611
549,0.01092143415865003,1.307710215453372
550,0.010554215673761433,1.285725219846738
551,0.011538254416252088,1.3456635169042774
552,0.009977896182563674,1.2546741404948718
553,0.009162769723382744,1.2034249557541719
554,0.00842840821872459,1.1551999654984668
555,0.0075635548611759145,1.0959314451044317
556,0.0073694952371682245,1.0818721801107416
557,0.006550676579292345,1.021769208468689
558,0.0062154776581925895,0.9956271808364336
559,0.005580562986405533,0.9447752319190549
560,0.00534964269723434,0.9252281207863614
561,0.006554868558292316,1.0294508625337948
562,0.007060596979274764,1.0691635245466444
563,0.007985812383753864,1.139214723172014
564,0.005994364079291914,0.9971698616188952
565,0.005127202548887982,0.9250431662900838
566,0.00447983877897825,0.866644904689451
567,0.0035015485282778296,0.7720175862851204
568,0.0027539023341767964,0.6895974790805774
569,0.002524086135459854,0.6608236425286618
570,0.005682839055343334,1.0743155953270864
571,0.005283671744898412,1.036585187816026
572,0.0042848218925220696,0.9386047480938523
573,0.00364229934924257,0.8682313784408487
574,0.0029377260189505498,0.7842552118608953
575,0.0027992328405338726,0.7657691453795731
576,0.003510944184975411,0.8631184226704895
577,0.003964192815319455,0.9188309635553927
578,0.00389306488304203,0.9105878546054939
579,0.0029282130367173334,0.7977484338467993
580,0.0027048582949852945,0.7673235820387594
581,0.0017662581993576495,0.6341909168610366
582,0.0015081337863960017,0.5878499690370156
583,0.0013016394700291582,0.5476056357498973
584,0.0014375576013594049,0.5761963232754417
585,0.0013123554827968989,0.5511048068333204
586,0.0013892852474172485,0.567257580844092
587,0.0018420298381656586,0.6596874118545479
588,0.0017484246600454614,0.6429259684699529
589,0.0015526394438826253,0.6069291644354234
590,0.001309325121495728,0.5593731916165935
591,0.001490115453826557,0.5979920432482623
592,0.0014755718558206042,0.5950738277954168
593,0.0014471566334563733,0.5893441321952873
594,0.0007424269524125486,0.4458460848156236
595,0.0005462830603532691,0.38695141103596387
596,0.000540195690336721,0.3847954624185218
597,0.00039911025893478967,0.3345460483747123
598,0.0004666428009153587,0.362849937526294
599,0.0004666428009153587,0.362849937526294
600,0.00045251239740462675,0.3573562108245931
601,0.0004419426822558083,0.35318267505326306
602,0.0004008547618783962,0.33676477493418133
603,0.0003490903321443919,0.3150206943009861
604,0.00030575597892522284,0.29546813615030615
605,0.0002724584452623957,0.27937955426166916
606,0.0003162793068630954,0.30184656344095023
607,0.000282733459438974,0.28583903695571533
608,0.00027139283748207747,0.28010644261567785
609,0.00023207695354094787,0.25981734344266094
610,0.0002445837025988914,0.26681819007081514
611,0.0002255210724721363,0.2564204071965583
612,0.0002194368657648029,0.25296149591997413
613,0.00011981313358270321,0.19553958498882335
614,0.00015858279579409175,0.22717636566670646
615,0.00014365018926115224,0.21648057970487736
616,8.109965032650707e-05,0.1693488042471808
617,6.935083961975726e-05,0.15708212346308223
618,7.897643431837218e-05,0.16798328099155335
619,7.0852372145484e-05,0.15934332003003615
620,4.823100388317118e-05,0.1339061764779641
621,6.623171132536186e-05,0.15889431391463094
622,6.026152262871007e-05,0.1517328725301916
623,7.821913027210986e-05,0.1743406599926099
624,7.420225105628663e-05,0.16986409926404525
625,6.747421179923516e-05,0.16216317165104557
626,6.471954175863919e-05,0.15885297343810237
627,9.531030956527685e-05,0.1963952233814149
628,9.465962926372903e-05,0.19572483156464693
629,9.1004658786451e-05,0.19194619601217752
630,0.00014017240908361864,0.2437982811793988
631,0.0001378132551298977,0.24174667315355813
632,0.00012580029064710436,0.23121033470160787
633,7.907412448580183e-05,0.18827095649387407
634,6.540741066356464e-05,0.172001125495602
635,5.874161443843095e-05,0.16323664115494604
636,5.753164867268362e-05,0.1615554586627617
637,5.392464048055465e-05,0.15649101260286266
638,6.474120331725586e-05,0.1721860163721345
639,6.158372416769507e-05,0.16798719299008563
640,5.62222223198043e-05,0.16067467935266916
641,6.527912779857661e-05,0.1736163181183123
642,5.5997836085448555e-05,0.16127405996508348
643,5.513474620261677e-05,0.16003120828321965
644,5.452287607133406e-05,0.1591432172869272
645,4.4035387885057076e-05,0.14383759942994606
646,3.5235115840026926e-05,0.129464954313345
647,3.119295272832402e-05,0.12203886176181694
648,3.0969287967733095e-05,0.12160133035790531
649,4.184268677504899e-05,0.14294860450026362
650,3.879379588042431e-05,0.13774058928600103
651,1.853077912061479e-05,0.10176782861814561
652,2.361260491555767e-05,0.11572208205781051
653,2.1990502834263937e-05,0.11174723407240379
654,2.0258003524023106e-05,0.10734528820943552
655,2.52759137907304e-05,0.12064000955623604
656,2.4236116536608424e-05,0.1181585730449312
657,1.9895729570862157e-05,0.10757820779621785
658,1.800066377850777e-05,0.10245480227164803
659,2.440768240975636e-05,0.12068829174438336
660,2.1886168808564905e-05,0.11445424698689377
661,2.1598608504948394e-05,0.11370234521958056
662,1.5704606141512285e-05,0.09818833904416197
663,1.8110221879119737e-05,0.10570853444179792
664,2.005272391757535e-05,0.11137768209238785
665,2.133222058001279e-05,0.11493099916524514
666,1.78351711102731e-05,0.10551052209442273
667,1.7730118485558114e-05,0.10519978335206541
668,1.586030548344973e-05,0.09965261447976204
669,1.2783816743344083e-05,0.08998760056533919
670,1.2619453847721983e-05,0.08940911047525303
671,1.6730612885515563e-05,0.10397293696992238
672,1.5810766767721673e-05,0.10111473018808323
673,1.4548568977578953e-05,0.09707865809653764
674,1.4094013691105933e-05,0.09556209597590935
675,1.2582646019178877e-05,0.09043830846991585
676,1.1135248215457063e-05,0.08523669154243693
677,1.5224549639633214e-05,0.10088782555275516
678,1.8626453492943184e-05,0.11215944575249233
679,1.8143124768143678e-05,0.11070426047231247
680,1.679944059653627e-05,0.10660486843188145
681,1.9864578129553838e-05,0.11633015010287742
682,1.2150517176335143e-05,0.0937427620713242
683,1.2042832114080003e-05,0.09332736019899568
684,9.711756012252769e-06,0.08429488440984362
685,8.198287062786809e-06,0.07772667522130125
686,1.0789153372017961e-05,0.09000847400543452
687,1.0565478727265977e-05,0.08907547153741657
688,9.641847404689325e-06,0.08518199459666405
689,1.2136262926483908e-05,0.09620059303434528
690,1.0692924174695402e-05,0.09048013177239841
691,8.913369184319176e-06,0.08295111691196821
692,9.156625888695733e-06,0.08408303543273692
693,1.0796722787365912e-05,0.09161333793282353
694,6.707700245393725e-06,0.07426506423300278
695,6.5677195789705984e-06,0.07349015831868208
696,5.8936259279622255e-06,0.06971873898975357
697,4.86508254997232e-06,0.06363515409768428
698,5.387720392072537e-06,0.0670531988356423
699,5.000826843429609e-06,0.06464564534757032
700,5.701927644536774e-06,0.06917720734324505
701,5.777052615587673e-06,0.069632924779788
702,5.425184776753209e-06,0.06751232900332955
703,4.185813630023961e-06,0.059800809851599
704,8.54182373716303e-06,0.09091697449163527
705,7.215960807505698e-06,0.08386090251776566
706,6.941154611471297e-06,0.08226406072277226
707,6.329739207297016e-06,0.07864092330895445
708,5.804194413248642e-06,0.07537622894393753
709,5.404205125669184e-06,0.0727789964970977
710,5.052828902526675e-06,0.07041298629591335
711,4.505995724154815e-06,0.06660282788390037
712,5.1381934482631945e-06,0.0712750644754344
713,4.36871739386221e-06,0.06593812495165377
714,3.880430020207597e-06,0.062253204304052796
715,3.6902793729692003e-06,0.06072792398338791
716,3.3528627236521735e-06,0.05795162840255129
717,3.1505794753347658e-06,0.05620347397382146
718,5.013223991043587e-06,0.07281741648514288
719,7.204969323297221e-06,0.08873504084954495
720,7.113032656555831e-06,0.08816890354119518
721,4.768104371095231e-06,0.07363573844871933
722,4.60215880449479e-06,0.07235435664707603
723,9.466016815059931e-06,0.11058873013647594
724,9.466016815059931e-06,0.11058873013647594
725,9.284961427994396e-06,0.10953112133801646
726,8.957192452823572e-06,0.1075978390261465
727,1.1521901256682484e-05,0.12300205895778156
728,5.946207709505249e-06,0.0932404002201382
729,5.446337830842663e-06,0.08932125798516492
730,4.8433367299323076e-06,0.0843765760197222
731,4.709910115194703e-06,0.08321435237833406
732,3.975132453185262e-06,0.07672335299716494
733,3.711480455914959e-06,0.0741790018977735
734,3.082695897785321e-06,0.06789544315553965
735,3.2679038251872505e-06,0.06993501739896518
736,3.0369247105351026e-06,0.06746347458955126
737,4.176725684578964e-06,0.08012347465191781
738,3.82931900285159e-06,0.07679126749260372
739,3.4235529581827676e-06,0.07272275180451716
740,4.650266172473642e-06,0.08575160833278737
741,3.5272675335831254e-06,0.0753974763467071
742,3.3483208199063236e-06,0.07348492924284994
743,4.1291405001330925e-06,0.0820531761401849
744,3.7765128710091204e-06,0.07854951515268974
745,3.5039468684763567e-06,0.07571489918852721
746,3.6137078802537283e-06,0.07690078245866483
747,3.668728220024979e-06,0.07748620708618809
748,3.015670380828719e-06,0.07058967892541915
749,2.579741435039813e-06,0.06548764845929787
750,2.3418769445929275e-06,0.06246851136289052
751,2.3740276887874265e-06,0.06289731466395136
752,4.443812335577875e-06,0.09031567562719013
753,4.961333315523769e-06,0.0955747024970749
754,5.085671283355189e-06,0.09677232050909153
755,4.845590796783057e-06,0.09448814360302837
756,4.561162399540653e-06,0.09171499246723068
757,4.346579339852151e-06,0.08955759463977027
758,4.3282471855108565e-06,0.08936873536457902
759,4.471213614309007e-06,0.09084470570472641
760,6.688944319022071e-06,0.1133742816298446
761,7.6115036314979055e-06,0.12119274253520933
762,7.495478853576447e-06,0.12026905112552837
763,6.314579473930123e-06,0.11079496343618606
764,5.817451117320285e-06,0.10643368187174662
765,6.6225038934196965e-06,0.11379813834360439
766,6.3854362453817094e-06,0.11176130624487013
767,8.375998311092762e-06,0.12918124499895722
768,9.671993065846904e-06,0.13917517107876182
769,8.848339330635989e-06,0.13324918722376808
770,1.3784114651448966e-05,0.17041367794014017
771,1.3271265569764392e-05,0.1672434889055871
772,1.2335894183732122e-05,0.1613497490357855
773,1.1556037489717203e-05,0.15624960469322452
774,1.1395894309908563e-05,0.15516695380351941
775,1.1323204226340227e-05,0.15467207825745477
776,1.0455965646210943e-05,0.14874894948346307
777,9.856548396062783e-06,0.14448522630003255
778,1.0895301445434484e-05,0.15209866578095016
779,8.656751277774048e-06,0.13647355914713838
780,9.565997448427114e-06,0.14364068553602533
781,8.843685769270854e-06,0.13821765749718018
782,8.537045100297943e-06,0.1358214193186329
783,9.761084124277502e-06,0.14555843696262402
784,8.77649059806287e-06,0.13821724960604398
785,1.0246565986606657e-05,0.14979304830643264
786,9.814552237228099e-06,0.14663527542358135
787,7.801001396056561e-06,0.13159344900919764
788,7.53172835237237e-06,0.12932229388791286
789,7.1962972710030925e-06,0.12644256198213358
790,6.825948216036707e-06,0.1231889524122301
791,7.552991401282741e-06,0.12974948330949734
792,8.71023668731665e-06,0.13968938459812788
793,7.279727220686783e-06,0.1282185719079114
794,6.503816350452774e-06,0.12138547358614188
795,5.991639687612517e-06,0.11660591006308005
796,6.078357868708054e-06,0.11744974021249356
797,5.104337047669442e-06,0.10803942784988338
798,4.70963618771088e-06,0.10386226882966838
799,4.2825715242490556e-06,0.09915321030410071
800,4.204112275701011e-06,0.0982449375143135
801,3.920087172328692e-06,0.09492627869844529
802,5.775743337182106e-06,0.11739395945778955
803,5.463335157171368e-06,0.11421905788431039
804,5.2604142277174205e-06,0.11209787762349342
805,5.071379621719957e-06,0.11008374173871312
806,6.773331198186633e-06,0.12855575643399747
807,5.9241729806619476e-06,0.1204973746871211
808,5.700728038473408e-06,0.11822494535321042
809,5.0054540077013716e-06,0.11101545090453802
810,4.1573799082379025e-06,0.10161077668242557
811,4.111324230900398e-06,0.10104795186869782
812,4.758317634792792e-06,0.1089988400332109
813,6.482910501659022e-06,0.12875147493966083
814,5.810455016449028e-06,0.12207394672683916
815,5.322667974332794e-06,0.11694989970945684
816,5.007151191675551e-06,0.1134836252521401
817,4.5079615861039e-06,0.1078267313458169
818,4.757873775324226e-06,0.11081557829719418
819,4.740733223138032e-06,0.11061596810443357
820,4.381894720637722e-06,0.10642956206986842
821,4.141456993597796e-06,0.10350962861352449
822,2.86035029613619e-06,0.08749993943003855
823,2.816014075462702e-06,0.08682180279958328
824,2.9031425001421497e-06,0.08816495072126304
825,2.669324237020182e-06,0.08461456081706953
826,2.494281534744711e-06,0.08184023292316668
827,2.494281534744711e-06,0.08184023292316668
828,2.7523718040973524e-06,0.08607435153904795
829,2.9633234485362214e-06,0.08937287501144747
830,2.6811929989051217e-06,0.08511839353993295
831,2.5079167295246854e-06,0.08236793922831155
832,2.5964741358780826e-06,0.08382219227006146
833,2.9713482439018157e-06,0.08987323840328368
834,2.8743125042736655e-06,0.0884057368778166
835,2.6389514690039155e-06,0.08478621643172543
836,2.359917698377184e-06,0.08030371306893179
837,2.076780043403445e-06,0.07548638299431593
838,1.7814931959289258e-06,0.07011986954662398
839,1.726139558454139e-06,0.06903050534149176
840,1.6721482633930581e-06,0.06795091523423363
841,1.9287731144333808e-06,0.07316513393773978
842,2.0674496960349873e-06,0.07579537867492085
843,2.011884056169268e-06,0.0747768245782931
844,1.5952709581688915e-06,0.06703457808782924
845,1.4000641010346759e-06,0.0629332029449935
846,1.371708794113851e-06,0.06229591416525224
847,1.2427497773032e-06,0.059367588606451145
848,1.219224764827652e-06,0.05880568013214803
849,1.2049186897160478e-06,0.05846067464127023
850,1.1371104069889577e-06,0.05681570142095033
851,1.0912946478826738e-06,0.05567110962328592
852,1.1151094031134887e-06,0.05627855045133301
853,1.0647207972518795e-06,0.05500701705324799
854,2.1117705996408207e-06,0.08205405440062838
855,1.856624993175947e-06,0.07709714017033488
856,1.6146127577841295e-06,0.07207230981861645
857,1.4870114495533497e-06,0.06922440682276415
858,1.6801291524316775e-06,0.07371948264505944
859,1.6662498669456798e-06,0.07341499005768008
860,1.589351487378297e-06,0.07172091827307446
861,1.578447082679539e-06,0.07147488272825415
862,1.3278953952024182e-06,0.0658021703908241
863,9.758190589973948e-07,0.05707882247153695
864,9.285533059883239e-07,0.05569645885601165
865,9.045954812178944e-07,0.05497794006285227
866,8.327246843094818e-07,0.05279392054985386
867,8.197412322937646e-07,0.05238235154806006
868,7.137330015249326e-07,0.048995331234599204
869,6.953483725101617e-07,0.04836431026017362
870,9.567144229661009e-07,0.057453846710870136
871,8.125399078112825e-07,0.053124769875361584
872,8.125399078112825e-07,0.053124769875361584
873,7.870492752750617e-07,0.05229146681267764
874,7.426751031449995e-07,0.05081735926809713
875,7.088265089421876e-07,0.049659318447124234
876,1.0211257868976813e-06,0.0605989271518995
877,1.0315721500076472e-06,0.06090889797294123
878,9.749329132283313e-07,0.059236773781612954
879,9.120345599163924e-07,0.05732592664750728
880,8.27920939678301e-07,0.054682446106448
881,8.109780658836134e-07,0.0541229254210995
882,7.371421782355874e-07,0.05165910154676286
883,7.103996068598999e-07,0.05072203862246722
884,6.269693566097911e-07,0.04774360765586431
885,6.071267491627899e-07,0.0469881020997861
886,5.514620469643147e-07,0.044834038954106106
887,5.702499530370091e-07,0.04559777030911608
888,5.2077124112894e-07,0.04361958606836382
889,4.6886394680100147e-07,0.041445719201594185
890,3.5839241764498875e-07,0.03656309599244168
891,3.954022390477843e-07,0.038450961898625506
892,3.695728002070084e-07,0.03719506768426633
893,3.240054471180721e-07,0.03490204073343757
894,2.6434115937067567e-07,0.03168850617743933
895,2.5460786172379696e-07,0.031105105424896164
896,2.3815650395027756e-07,0.030100185124196398
897,2.052488780823074e-07,0.028020616407419933
898,2.0139489414392252e-07,0.02775754309226511
899,2.0082941646897324e-07,0.0277185742023217
900,3.3056191798498527e-07,0.0366714458307665
901,3.3056191798498527e-07,0.0366714458307665
902,3.214214480742122e-07,0.0361644390811023
903,2.7714628318011857e-07,0.033673649320164326
904,2.557600809303429e-07,0.03237442302965509
905,2.4527783925635514e-07,0.0317109955607977
906,2.4003015544735356e-07,0.03137176948461355
907,2.7774365779830725e-07,0.03383633336411129
908,2.6446831551414806e-07,0.033027694004692174
909,2.8508506830157726e-07,0.03431503876867614
910,3.810947669920861e-07,0.04009327288027219
911,3.582307907462723e-07,0.038890564632679654
912,3.8450969528506364e-07,0.04031702134974861
913,3.446225404224296e-07,0.03822587606278084
914,3.268043764729959e-07,0.037237671800281834
915,3.1617356053004103e-07,0.036632008499004616
916,3.1617356053004103e-07,0.036632008499004616
917,3.1222362274101405e-07,0.03640318772977963
918,2.9451559196259896e-07,0.03537086870937342
919,2.9915470352081323e-07,0.03564944378371884
920,2.8094635016796725e-07,0.034564524072267254
921,3.6712104883131637e-07,0.03986551382456146
922,3.6016735006898236e-07,0.03948796427377414
923,3.575574228510487e-07,0.03934489090424304
924,3.200007783941908e-07,0.037278562554656405
925,3.0177338506311754e-07,0.03621686041457018
926,2.454181093815842e-07,0.032835165318172224
927,2.1942649135638252e-07,0.031096420209070826
928,1.914722320436388e-07,0.029115626119786114
929,1.710492039888917e-07,0.02756284417660493
930,1.572729882877468e-07,0.026452895466353658
931,1.536237760990222e-07,0.02614600160742138
932,1.5188704962676646e-07,0.02599821050929741
933,1.1559858236276483e-07,0.022892497371450653
934,1.0324096180680753e-07,0.021668880306637234
935,9.702777383245373e-08,0.021016848282803296
936,8.893831257963028e-08,0.0201407332637481
937,1.0725992876670418e-07,0.02221526545286645
938,1.0076969010163198e-07,0.02154314877119943
939,9.989766772426048e-08,0.021449935684066865
940,2.071619040286659e-07,0.03296577495411264
941,1.9190178362682159e-07,0.031751599748254686
942,1.740338071592575e-07,0.030273403906644923
943,1.658409130943217e-07,0.029560821692761655
944,1.511367747217461e-07,0.02825032959383614
945,1.374186241927904e-07,0.02696823834048516
946,1.2866171265081674e-07,0.02610897170549406
947,1.4882516596616072e-07,0.02815482909868812
948,1.259738319653115e-07,0.025993314951217796
949,1.373334700399475e-07,0.02716528315127686
950,1.4421372017554465e-07,0.027845757994848286
951,1.2882795795289885e-07,0.026360364611692482
952,1.3015907932685984e-07,0.02649654951020984
953,1.4858951286848026e-07,0.028372495842020604
954,1.4482389885053059e-07,0.028012982354142433
955,1.523090646756839e-07,0.028736902300512117
956,1.4663829773414673e-07,0.028201936519207754
957,1.3219734629621998e-07,0.026813272022884513
958,1.648648704444826e-07,0.030126209974523865
959,1.4221651062867927e-07,0.02805691151952273
960,1.387352500721222e-07,0.027713514613706546
961,1.5024541558577871e-07,0.02886314003335683
962,1.3151595599181763e-07,0.02706411337786144
963,1.1456083571937452e-07,0.02531955206616316
964,1.055624066151162e-07,0.02432516252287697
965,9.377638695372125e-08,0.022967212979311896
966,8.671538733213135e-08,0.022102541778895913
967,1.091276355170533e-07,0.02495882638481538
968,1.0238554983649397e-07,0.024187827612710884
969,1.1443109158858943e-07,0.025610662611725298
970,1.0507868712740491e-07,0.024564088328728268
971,9.663021857265512e-08,0.023576595367526088
972,9.117808695723212e-08,0.022911468542366965
973,7.466630399172714e-08,0.02083690650329936
974,6.919883492025658e-08,0.020074011222822267
975,5.9166991213428205e-08,0.018618933667047394
976,6.457740677021796e-08,0.019470220561116865
977,7.06669391347451e-08,0.02038822380854738
978,6.338855419716252e-08,0.019338274971869716
979,6.112611778868413e-08,0.018993168367628196
980,6.015556281512075e-08,0.01884238246227547
981,7.535290222964739e-08,0.02122249552461678
982,7.181676576596505e-08,0.020724534344261566
983,6.546980727942213e-08,0.019808747078342258
984,5.3306376546627936e-08,0.01796864449515819
985,5.151572065709578e-08,0.017666845149783252
986,4.544074354956794e-08,0.01662516623625737
987,4.420936778715243e-08,0.016399907744094663
988,4.129295668974741e-08,0.015858971791656143
989,3.999303318279921e-08,0.015609347498790711
990,3.5549781892346805e-08,0.01474224330716676
991,3.9133593833078414e-08,0.01548533404900854
992,5.7024756761791996e-08,0.019025139716462795
993,5.132049989657699e-08,0.018073585602057334
994,5.450599546739542e-08,0.018634504990997284
995,5.241001691583344e-08,0.01827621850851786
996,5.0831041439687805e-08,0.01800091139625369
997,6.066253504499569e-08,0.01974173590298712
998,8.914122647914961e-08,0.024375722965501976
999,7.968898159120708e-08,0.0230833618892021
1000,7.849073638116152e-08,0.02290981513742295
1001,7.92218187336896e-08,0.023016509011877864
1002,1.1201277220399749e-07,0.027779927020460227
1003,9.947246934520048e-08,0.026224886950576943
1004,9.860654306942389e-08,0.026110740700668496
1005,1.3438457908968512e-07,0.03084770334140574
1006,1.3046832636273425e-07,0.030398219467774944
1007,1.2338214102605788e-07,0.0295727033327142
1008,1.1150631062008915e-07,0.02814948111228293
1009,1.1861323901314841e-07,0.02904654400250973
1010,1.0800686118515731e-07,0.027747875224676942
1011,1.2692240316471512e-07,0.030177656503831633
1012,1.1465875794504871e-07,0.028719726053036184
1013,8.07039814704013e-08,0.02446722979360822
1014,7.441637331956402e-08,0.0235141147757629
1015,6.829917235706584e-08,0.02254765699824599
1016,6.299461991728223e-08,0.021672059060425033
1017,6.04024119961329e-08,0.02122616000398325
1018,6.945401049247233e-08,0.022816582237348827
1019,6.748211474671284e-08,0.022492685020128547
1020,6.003261622757324e-08,0.02125117662655021
1021,7.352360779719552e-08,0.023639040613907644
1022,7.054537202656707e-08,0.023160264895135285
1023,5.4298011617402634e-08,0.020493235435135617
1024,4.965122486672905e-08,0.019616336888928984
1025,4.6066480958367035e-08,0.018908201849403644
1026,4.368737963131909e-08,0.018419945234440353
1027,4.918208911607639e-08,0.0195783146381735
1028,4.707533029168871e-08,0.019158987319306844
1029,5.611515990325326e-08,0.020998528113004022
1030,7.327655955601104e-08,0.024209461964820773
1031,6.776018537547909e-08,0.023298198856150764
1032,6.399023620554737e-08,0.022650082082621138
1033,5.995046370294685e-08,0.021935120049311085
1034,6.968405170552216e-08,0.023715818714170025
1035,6.596823057344576e-08,0.023083509468469102
1036,9.097773455420795e-08,0.027459154509447536
1037,9.330981573662733e-08,0.027811092144685492
1038,8.699947084937942e-08,0.026870689563571467
1039,1.1797404956084949e-07,0.031654099627980256
1040,1.053065582871322e-07,0.029954666437768375
1041,9.733694255041775e-08,0.02882117966869389
1042,9.08585725836766e-08,0.027862066613159993
1043,8.499724549334892e-08,0.02696336943364053
1044,7.889737597842837e-08,0.025995849637715646
1045,6.042807168709019e-08,0.02295312957689818
1046,6.389846581205778e-08,0.023612230585827985
1047,7.996358377341135e-08,0.026580480800220664
1048,7.184996575039284e-08,0.02523196777776607
1049,7.1367101030357e-08,0.025147182580377875
1050,6.877380640258698e-08,0.024690291011659777
1051,6.259484975758158e-08,0.02358114607920862
1052,4.719249206143878e-08,0.02067990701398525
1053,4.494469735505916e-08,0.020187411455010084
1054,6.977410477373047e-08,0.025763613913166984
1055,6.644795668743652e-08,0.025149535127124575
1056,7.331882803080059e-08,0.02644979497572094
1057,6.93488999405955e-08,0.025733718444804703
1058,8.173719363563623e-08,0.028032218220812755
1059,9.152254302977542e-08,0.02971018780468537
1060,7.910714871790845e-08,0.027695035665857747
1061,7.910714871790845e-08,0.027695035665857747
1062,6.517734928843434e-08,0.02525665747709745
1063,6.521080826073079e-08,0.025263140264538585
1064,6.481527170495624e-08,0.02518652339875514
1065,6.385299503706691e-08,0.024999558173011763
1066,5.892540848981748e-08,0.024034940252826487
1067,7.480208287952208e-08,0.027272889128786094
1068,7.480208287952208e-08,0.027272889128786094
1069,7.377551224804494e-08,0.027085744961555906
1070,8.960218357999936e-08,0.029991025929625673
1071,9.427588302287926e-08,0.030773200177943747
1072,1.1450951388392153e-07,0.034075495276375045
1073,1.1450951388392153e-07,0.034075495276375045
1074,1.0145826402374171e-07,0.03213361382095218
1075,8.489996817691378e-08,0.029511462291972063
1076,7.858545856417976e-08,0.028413991843336678
1077,7.145630080226362e-08,0.027125153970541733
1078,6.683781206007716e-08,0.02624855374889233
1079,7.056801797998804e-08,0.026981017212053038
1080,6.805776250183949e-08,0.02650113093919652
1081,6.913321288742083e-08,0.026710516690646474
1082,6.694702894117527e-08,0.026288186378296413
1083,4.533371927335627e-08,0.022044721643672396
1084,4.488400195585013e-08,0.02193537816555424
1085,5.108704159274891e-08,0.023451130040188072
1086,4.4743795411563017e-08,0.021995219828575517
1087,4.372113032820188e-08,0.021743858236285073
1088,4.093480146229642e-08,0.021050994861011845
1089,3.696989326591077e-08,0.020031504609625442
1090,3.617737245662014e-08,0.01981679768404219
1091,3.382135963540222e-08,0.019171523770423
1092,2.9594039653805352e-08,0.01797340272523095
1093,2.752218557523621e-08,0.01734425124443189
1094,2.6140998464469883e-08,0.016909044959683615
1095,2.4706560369952244e-08,0.01644511894964524
1096,2.753035618619442e-08,0.017384902905652526
1097,2.2469719769599086e-08,0.015787054477025265
1098,2.090578189727835e-08,0.01523764904068299
1099,2.480966075632933e-08,0.016660363968157312
1100,2.121382638450643e-08,0.015453013533337352
1101,1.7434064184755425e-08,0.014076347311815708
1102,1.9298693894391983e-08,0.014829102811698665
1103,1.919698632378557e-08,0.014790026798847637
1104,1.6090213719208306e-08,0.013593243894890179
1105,1.4746471750064169e-08,0.013025637626970607
1106,1.6386149914092026e-08,0.013749805887401798
1107,1.6263705847863888e-08,0.013698433778897737
1108,1.5834674427005334e-08,0.01351775360173906
1109,1.5506484130075222e-08,0.013377668764856757
1110,1.120672486459831e-08,0.011522936423867513
1111,1.0913718848107114e-08,0.011372299652614909
1112,1.033274232430247e-08,0.011069605437572577
1113,9.90369347406694e-09,0.010839782543684041
1114,9.072658878761603e-09,0.010384990888279086
1115,8.788669248119094e-09,0.010222456962668143
1116,7.441715866288314e-09,0.009439108961522676
1117,6.623479327439742e-09,0.00892018133883026
1118,6.623479327439742e-09,0.00892018133883026
1119,6.12148063803842e-09,0.00858214757138391
1120,5.502437833631153e-09,0.008148207074421975
1121,5.412872554036299e-09,0.00808189133702674
1122,4.889870378608293e-09,0.00769144738063931
1123,4.4376597143443306e-09,0.007335798430887381
1124,3.4515150309685785e-09,0.006520711303143897
1125,4.306574823199055e-09,0.0073284142976310016
1126,5.96374959821478e-09,0.008738405278105526
1127,5.876623651673819e-09,0.008674574476813888
1128,5.04975707842726e-09,0.0080642992493053
1129,4.9758534471608165e-09,0.008005288391071251
1130,4.614100008692184e-09,0.007714289004518231
1131,4.25420388199984e-09,0.007413434804600448
1132,3.810502713514413e-09,0.0070268348934855295
1133,4.1648510198821695e-09,0.007353556487830752
1134,4.530281619357804e-09,0.007676162811898253
1135,4.3725261220554906e-09,0.0075425114207142985
1136,4.297375293822231e-09,0.007477694657543191
1137,4.278873288689153e-09,0.0074615973498288355
1138,4.087440502262159e-09,0.007294684908690435
1139,3.963411009161557e-09,0.0071840097721284765
1140,3.7152826933955688e-09,0.00695913324013568
1141,3.232731100546462e-09,0.006507197128269119
1142,3.2037022020479667e-09,0.006477980846575554
1143,4.583763581032008e-09,0.007873243361056825
1144,4.782028042739167e-09,0.008043516579698476
1145,4.409032112069871e-09,0.007729821330979271
1146,4.25221861371681e-09,0.007592360285817375
1147,3.682003249446135e-09,0.007083298913468578
1148,3.5679836139875863e-09,0.006973625577346576
1149,4.0534437844305674e-09,0.007448041638019098
1150,3.7022059479651975e-09,0.007125348864914645
1151,3.3360186687991007e-09,0.006772962726673686
1152,3.138906749725172e-09,0.00657286917004029
1153,2.990890914930592e-09,0.006417896627883016
1154,2.8928577355135685e-09,0.0063127161265714585
1155,3.084604712629363e-09,0.006521928667478748
1156,2.3244200323474286e-09,0.005718281082002106
1157,3.726543217545007e-09,0.007442955274483305
1158,5.173609604167567e-09,0.00888805462877649
1159,5.173609604167567e-09,0.00888805462877649
1160,5.071270984303068e-09,0.008800147798383206
1161,4.957201651918222e-09,0.008701175865375025
1162,6.051437046059591e-09,0.009661509463954552
1163,5.432831907612229e-09,0.009167687967170426
1164,5.064668698001551e-09,0.00885705757365747
1165,4.977964065919446e-09,0.008781243343344932
1166,4.4511075494037575e-09,0.00831654982433931
1167,7.487708927356294e-09,0.01115337710565074
1168,7.169067797847716e-09,0.010916059875957462
1169,6.64109719239866e-09,0.010514099753362606
1170,7.146084843310713e-09,0.010913844733904584
1171,6.800687108334406e-09,0.010650090710993536
1172,6.727979239465611e-09,0.01059315930196674
1173,6.3244781065301305e-09,0.01027550435479949
1174,5.822050294660009e-09,0.009867352165647847
1175,5.67977126583432e-09,0.009746783189758279
1176,5.451277529250791e-09,0.00955072961590276
1177,5.984339970947898e-09,0.010017696782931377
1178,7.0676608068340225e-09,0.010924428327698542
1179,6.663131176833658e-09,0.01061178917663061
1180,5.7691192786326255e-09,0.009899881701501401
1181,5.6370254000376385e-09,0.009786544317715085
1182,5.134537222024888e-09,0.009350354796268468
1183,6.588917063188414e-09,0.010674618983611975
1184,6.098774531592162e-09,0.010277582207896273
1185,6.6381444822025285e-09,0.010732052116494436
1186,5.975244214843638e-09,0.01019618850005706
1187,5.75600496493769e-09,0.010009132989162712
1188,5.75600496493769e-09,0.010009132989162712
1189,5.418560727638203e-09,0.009715741629345347
1190,5.093731795404957e-09,0.009424524631147197
1191,4.841448084943669e-09,0.009191134443090526
1192,4.76507317675576e-09,0.009118638359592614
1193,4.6317199163771585e-09,0.008991043240865292
1194,4.403772747952279e-09,0.008769798985497627
1195,3.994468069627184e-09,0.008362248464821469
1196,4.752739300618016e-09,0.009155952698619884
1197,4.713536663528328e-09,0.009118191581488164
1198,4.531549390342146e-09,0.008942167192503982
1199,4.470193645316419e-09,0.008881630135199697
1200,4.391212453886109e-09,0.00880316801637668
1201,4.373566611576494e-09,0.008785480496554615
1202,3.5048883325035383e-09,0.007912993947661612
1203,3.2903058817382773e-09,0.00767076231670876
1204,3.05621295700464e-09,0.007397889330093567
1205,3.220473152616153e-09,0.007596693988926058
1206,2.954067024626977e-09,0.007282484595585145
1207,3.2645676264548966e-09,0.0076652138686315605
1208,3.1047533893544497e-09,0.007477591731981661
1209,2.7910425564846327e-09,0.007099815909569535
1210,2.424291802981428e-09,0.006633348132408824
1211,2.4962657885073006e-09,0.006731815755382865
1212,2.2044243769271868e-09,0.006338303449603323
1213,2.216235268637264e-09,0.006355283169219113
1214,2.1835771822876336e-09,0.006308457954077507
1215,2.2170729016014144e-09,0.00635684331426688
1216,2.0383100682937244e-09,0.006100566824456693
1217,1.9715113971674478e-09,0.006000604173207101
1218,2.477638567913232e-09,0.006770842888873198
1219,2.430778357929653e-09,0.006706813549879325
1220,2.391668869507384e-09,0.006652859628900959
1221,2.266279926327269e-09,0.006478463614337838
1222,2.450168136677288e-09,0.006741298109322079
1223,2.450168136677288e-09,0.006741298109322079
1224,2.342903054795498e-09,0.00659373560476135
1225,2.2358205258727277e-09,0.0064430520580903185
1226,2.1132231643868352e-09,0.006266405235794554
1227,1.8102890533044375e-09,0.005817255346710712
1228,2.127685887158458e-09,0.006327223195600931
1229,2.1797106350823878e-09,0.0064045777040357245
1230,1.9774343843085575e-09,0.006107406615151019
1231,1.858657502472674e-09,0.005923982396474569
1232,1.9511085084459494e-09,0.00607131404073755
1233,1.9207648693254717e-09,0.006024103503383591
1234,1.8191765225684993e-09,0.00586479750883556
1235,1.734468373467709e-09,0.005728253271467391
1236,1.7278470562055121e-09,0.00571731949404925
1237,2.304394380300297e-09,0.006671195950721285
1238,2.12599956347544e-09,0.006412970451256961
1239,2.2563804960533254e-09,0.006609614204716265
1240,1.9456885853396974e-09,0.006154559379092852
1241,1.8293481588353257e-09,0.005970556638750638
1242,1.9652255907720025e-09,0.006192292424633631
1243,1.873760990248534e-09,0.006048193051105443
1244,1.841521925295142e-09,0.005996161844980435
1245,2.0284527465645936e-09,0.006300493670398996
1246,2.195044491886148e-09,0.0065592155555197615
1247,3.180692048479906e-09,0.00803186788884776
1248,3.082901644265012e-09,0.007908397965403519
1249,2.951871599374401e-09,0.00774033588299046
1250,2.8433725602232582e-09,0.007598083928977697
1251,2.623394022209898e-09,0.007304169684713469
1252,2.538432994395437e-09,0.007185893558731119
1253,2.314815730520609e-09,0.006869381391648705
1254,2.314815730520609e-09,0.006869381391648705
1255,1.863372880223695e-09,0.006199536903741017
1256,1.7440140685821758e-09,0.006000980467342351
1257,1.649857302092086e-09,0.005838988392062105
1258,1.5771736594225126e-09,0.005710371527651385
1259,1.492755845388926e-09,0.005557548444789201
1260,1.492755845388926e-09,0.005557548444789201
1261,1.6206108250829217e-09,0.005795551278860097
1262,1.7782066768784475e-09,0.0060773446700556275
1263,1.7236406911512036e-09,0.005984100080763022
1264,2.021252923554145e-09,0.006500722075445983
1265,1.917820651491888e-09,0.006334393446684785
1266,1.8892487153650923e-09,0.006287208146844604
1267,1.7386878992177017e-09,0.006036683379465176
1268,1.7949304948193863e-09,0.006134319862194317
1269,1.766782567316337e-09,0.00608622095494974
1270,1.625387351850513e-09,0.005842681501024493
1271,1.5584988362969071e-09,0.005722461452550785
1272,1.5145580820661405e-09,0.005641791109261011
1273,1.401601008426076e-09,0.005431406238143593
1274,1.3025070695235186e-09,0.0052394045790830155
1275,1.7201092267507436e-09,0.006079318121975215
1276,1.5032413333413258e-09,0.005696084053471055
1277,2.386344278360623e-09,0.007369211478565474
1278,2.5253733401080913e-09,0.007583877603435661
1279,2.618236453258603e-09,0.00772331490421459
1280,2.8200938011874607e-09,0.008021035887711681
1281,3.1187441674642788e-09,0.008445753197606822
1282,3.6806536260080205e-09,0.009206596080420114
1283,3.5559079019526683e-09,0.009050579838356228
1284,3.332481595698533e-09,0.00876624491201693
1285,3.722272081980168e-09,0.009278925742952283
1286,3.6285268757491468e-09,0.009162081139949398
1287,3.7654133794851064e-09,0.009334901308731242
1288,2.8147157030531404e-09,0.008156455798301513
1289,2.472737190883475e-09,0.007660964794457824
1290,2.3103920461996892e-09,0.00740947821461444
1291,2.1327035890537264e-09,0.007124552815399819
1292,2.0858086565424083e-09,0.0070462237346109275
1293,2.390046020900295e-09,0.0075601070505541094
1294,2.2852462625330157e-09,0.00739435764966383
1295,2.164111065727518e-09,0.007198379434136758
1296,2.0081280268858448e-09,0.0069389599624067825
1297,2.1467694982893097e-09,0.007178493400095439
1298,2.0177274549452623e-09,0.006962744234379642
1299,1.9741854114730257e-09,0.006887617112677358
1300,1.961633222242198e-09,0.0068657208224795424
1301,1.8465891667477435e-09,0.00666439359209956
1302,1.8038043380739712e-09,0.006587187751410385
1303,1.7642797489907666e-09,0.006515019200866147
1304,1.6335077087994454e-09,0.006273565895836074
1305,1.405283893370465e-09,0.005835313557821358
1306,1.2564714381969068e-09,0.0055263484649516765
1307,1.8275554524789553e-09,0.00678225017896718
1308,1.8023494960627319e-09,0.006735479203513853
1309,1.7397561099411798e-09,0.006618521740097293
1310,1.434995009590641e-09,0.006038823253430041
1311,1.3767050155601772e-09,0.0059161737079469956
1312,1.3767050155601772e-09,0.0059161737079469956
1313,1.178822064842548e-09,0.005490988248079164
1314,1.1496374104816855e-09,0.005423016753949914
1315,1.1130727020191795e-09,0.00533677607285013
1316,9.951573833819772e-10,0.005054095682798359
1317,1.1777234361633816e-09,0.005517693860632441
1318,1.1777234361633816e-09,0.005517693860632441
1319,1.4055296308520564e-09,0.006051335632228028
1320,1.3044019377612139e-09,0.005833639185574443
1321,1.1304906842785886e-09,0.005444750042681152
1322,1.2420997799924962e-09,0.005713519895057109
1323,1.2806176209290523e-09,0.005802108772557349
1324,1.245555140522098e-09,0.005722679783828762
1325,1.229187941340681e-09,0.0056850803886570106
1326,1.1729185903165743e-09,0.0055549555423130515
1327,1.0806137113931126e-09,0.005336377073614714
1328,9.615316225626027e-10,0.005042346504682709
1329,9.394319883427063e-10,0.004984400405590058
1330,7.593113902950181e-10,0.004506562098450944
1331,7.475045090735807e-10,0.0044715247974875215
1332,6.398321551822654e-10,0.0041494801846559785
1333,7.103497996594221e-10,0.0043781429410184045
1334,6.730059451846373e-10,0.004263061094766329
1335,6.026554408035672e-10,0.004040248428422164
1336,5.662617867259314e-10,0.003918255500344016
1337,6.038033409629383e-10,0.004048140126879666
1338,6.017365266946041e-10,0.0040412117503646336
1339,5.835581525840576e-10,0.0039801695368716266
1340,5.707580153060001e-10,0.003936517746354862
1341,7.528955221704727e-10,0.0045646188932694865
1342,7.278728375878338e-10,0.004488765726765745
1343,8.403466755185631e-10,0.0048355767923733
1344,8.04083454094228e-10,0.004731242713924068
1345,7.408718433853395e-10,0.004545273539282411
1346,6.533970685054925e-10,0.004276943204443881
1347,5.464898437230202e-10,0.003927051729123078
1348,7.029407037299638e-10,0.004489176192523404
1349,7.830257873802483e-10,0.0047448990785303085
1350,6.11717076351795e-10,0.00422585963040266
1351,5.90683374758963e-10,0.004153207195253075
1352,5.825917078773843e-10,0.004124760170543875
1353,4.6978080626896e-10,0.0037254085255874845
1354,4.3382402168508165e-10,0.003582838086295419
1355,4.2448556407397114e-10,0.0035442761580435182
1356,3.9778574078839026e-10,0.003432810003356372
1357,3.7241057383286877e-10,0.003323318739555527
1358,3.720270695478992e-10,0.0033216075811372497
1359,4.0014805901784726e-10,0.0034471453436527187
1360,4.980434801592602e-10,0.0038688139454957837
1361,4.5490976743970405e-10,0.003701282077357418
1362,4.4402968685597493e-10,0.0036570202806813345
1363,4.2310600175115146e-10,0.003570856739098417
1364,5.786778366264662e-10,0.004227340850265852
1365,6.601006791619126e-10,0.004524744765371242
1366,7.715425675161221e-10,0.004906691123625262
1367,7.117045418921596e-10,0.004716418595869869
1368,7.623451858593056e-10,0.0048842146831889685
1369,7.516462718324944e-10,0.004849941630801928
1370,7.393647497237171e-10,0.004810318827099492
1371,8.911404745849435e-10,0.0053040464676648875
1372,7.397984043875774e-10,0.004853654304065031
1373,7.676230130164285e-10,0.004944929866859835
1374,7.57578272896478e-10,0.0049125763973951785
1375,6.783884511745829e-10,0.004655820057474331
1376,5.90178172342485e-10,0.004353123877468022
1377,5.65683564694319e-10,0.004262788393694349
1378,5.285306340508112e-10,0.004122802815693282
1379,8.232683927558391e-10,0.00527235364888434
1380,8.151156027525324e-10,0.005246247707917364
1381,9.207834919412552e-10,0.005586297585250596
1382,9.083501279220844e-10,0.005548581622700918
1383,8.873515720616906e-10,0.005484447651906655
1384,8.609224496854852e-10,0.005402772506044595
1385,8.103725228538583e-10,0.005244157897395319
1386,7.796714000775252e-10,0.0051448199195358165
1387,7.189641972064846e-10,0.004944525522076082
1388,7.189641972064846e-10,0.004944525522076082
1389,5.381444050534899e-10,0.004322750417925659
1390,6.346337683318356e-10,0.0047102852798698155
1391,6.763113061477272e-10,0.004864951721108382
1392,8.328697000338271e-10,0.00542804228374329
1393,7.307618634306989e-10,0.0050953097719465355
1394,6.531396581516251e-10,0.004824695498767505
1395,5.685790654136818e-10,0.004512374002082982
1396,5.436528622304878e-10,0.0044134639664728526
1397,4.932144612362794e-10,0.004208730320446291
1398,4.372281408857732e-10,0.003969857231244114
1399,4.2322387926379057e-10,0.003906280674671574
1400,4.137106047894413e-10,0.003862377764116715
1401,4.003359509287021e-10,0.0037999452749848876
1402,3.444780089521674e-10,0.0035348465220603536
1403,3.43635338914267e-10,0.0035305230105802197
1404,3.019792173532548e-10,0.0033165346935355453
1405,2.948484919698228e-10,0.003277377531775367
1406,2.8255828328533107e-10,0.003209071851230278
1407,2.7772882872959993e-10,0.0031816473027594366
1408,2.5208757979206435e-10,0.0030347748824661115
1409,2.37333346515444e-10,0.002945964920874853
1410,2.2609987446548743e-10,0.0028762456524183094
1411,2.2154513735318402e-10,0.0028472749534116395
1412,2.1781807464659105e-10,0.0028233250432013347
1413,2.1655005151813829e-10,0.0028151070808955713
1414,1.930575015767104e-10,0.002662407870655792
1415,1.9979019267719028e-10,0.0027088323028332936
1416,1.6324973695800417e-10,0.0024611175239294303
1417,2.400361573069575e-10,0.0030399252091425325
1418,2.298932813703526e-10,0.0029756982514232825
1419,2.2641629535060962e-10,0.002953195503284018
1420,2.2263215139194337e-10,0.0029285168093207423
1421,1.88448026376521e-10,0.002703686783437947
1422,1.6887469692484234e-10,0.0025632763128059935
1423,1.6678324660175755e-10,0.0025474037008333438
1424,1.405289112648873e-10,0.00234690277414327
1425,1.3319324797032706e-10,0.0022856481597681067
1426,1.3314313771131095e-10,0.0022852182039593437
1427,1.4895746640390507e-10,0.0024209337670478143
1428,1.4308366087054416e-10,0.0023732017046675796
1429,1.2424389537231294e-10,0.0022169624690905982
1430,1.0793855488767244e-10,0.002071489213475631
1431,1.0434175523925876e-10,0.002036975449221164
1432,1.4609116275721302e-10,0.00244449455764807
1433,2.43122248145758e-10,0.0032562889046790725
1434,2.329800758465244e-10,0.0031883686641843855
1435,2.72144454445905e-10,0.003456353978003188
1436,2.955008204977118e-10,0.0036046720263705995
1437,3.6941132911970307e-10,0.004055471354839094
1438,3.1806630802283885e-10,0.0037736334063818225
1439,3.2597743107031864e-10,0.003820563366363348
1440,3.426958218934526e-10,0.003918535902857189
1441,2.973019058952761e-10,0.003659008826297963
1442,3.189190285597698e-10,0.003792033944973808
1443,3.124974406169754e-10,0.0037538567318271374
1444,2.967161167149143e-10,0.0036590706291794884
1445,2.8202106920349474e-10,0.003568461771563751
1446,2.7923347290469686e-10,0.0035508258005086325
1447,2.7621830193707417e-10,0.0035316548416092436
1448,3.1051703314533855e-10,0.0037509221372287716
1449,3.0553189467126916e-10,0.003720812893188066
1450,2.778089376338933e-10,0.003552005744440222
1451,2.7499757309096763e-10,0.00353403299113135
1452,2.599495070484311e-10,0.003437340570814143
1453,2.3541159171505893e-10,0.003275106810773028
1454,2.3016541540293192e-10,0.003238613731470544
1455,2.1409052531296344e-10,0.003125520372752611
1456,2.111333691606603e-10,0.003103934523061404
1457,2.1634961853115258e-10,0.0031422773406044897
1458,3.4296519371444346e-10,0.0040617641776214235
1459,4.265052332929427e-10,0.004556449857649272
1460,4.231817283505903e-10,0.004538696988001507
1461,4.1106368102964675e-10,0.004473712914740125
1462,3.9732985470469496e-10,0.004398978513436616
1463,3.9355535745420225e-10,0.004378084120393481
1464,4.508407861711322e-10,0.004696718362114747
1465,5.065389652289295e-10,0.004986841470250989
1466,5.015518555200626e-10,0.00496229259324443
1467,4.728685308206275e-10,0.0048203979435296525
1468,5.566448837855458e-10,0.005247403901028749
1469,5.167467766643481e-10,0.005059347306016466
1470,5.046300532869624e-10,0.005000031298113294
1471,4.889063535807377e-10,0.004922133648001925
1472,4.683182096113308e-10,0.004818496626883738
1473,4.581527295307824e-10,0.004766200634037946
1474,5.178576748718175e-10,0.005076758369480318
1475,5.109428106361471e-10,0.005042863829932411
1476,4.973271452729006e-10,0.004975672409531278
1477,4.563893026618573e-10,0.004770884378230746
1478,3.917407734405747e-10,0.00443298134639092
1479,4.044794542453516e-10,0.004505057497526832
1480,4.039031133501289e-10,0.004501847879777522
1481,4.3070660447095945e-10,0.004651221870327016
1482,4.1843788670849543e-10,0.0045849766261337735
1483,4.0267245468543417e-10,0.0044986028301383435
1484,3.9881579121142383e-10,0.004477059765772757
1485,4.917418622231938e-10,0.004998648407554478
1486,7.301170050137136e-10,0.006210212461226174
1487,7.33913118240577e-10,0.006226356907598335
1488,7.026103144585384e-10,0.006093573868495059
1489,6.772234129986386e-10,0.005983486558250176
1490,6.440605974297136e-10,0.005836984490113032
1491,6.107602298120437e-10,0.005686087408320497
1492,5.682084711340173e-10,0.005488012118369579
1493,5.579250933236306e-10,0.005438351382118549
1494,5.252378960160487e-10,0.005279042841615105
1495,5.149416294116805e-10,0.005227300161845204
1496,4.201752670938708e-10,0.00474630174106562
1497,4.4152830442850554e-10,0.00486690374481918
1498,4.3419388977151507e-10,0.0048264806396613276
1499,4.3419388977151507e-10,0.0048264806396613276
1500,3.7625939534775593e-10,0.0045044819631576295
1501,3.7625939534775593e-10,0.0045044819631576295
1502,3.651959208659415e-10,0.004438257409207119
1503,2.704976760258071e-10,0.0038628194555135986
1504,2.873495860414044e-10,0.0039831456017992385
1505,4.154377214258774e-10,0.004870903437347007
1506,3.8729052271250504e-10,0.004705894002847309
1507,5.074138046851317e-10,0.005435691660014543
1508,4.893924141257693e-10,0.005339164208986503
1509,4.4800833544627135e-10,0.005113418585096762
1510,4.269044354131521e-10,0.004992982126543059
1511,4.0636824807409913e-10,0.004872888719417882
1512,3.848151281414979e-10,0.004743663619418579
1513,2.884132775329309e-10,0.004149484859107038
1514,3.1616002234373573e-10,0.0043490850620983785
1515,2.8942531927292514e-10,0.0041652042904199065
1516,2.60456562588416e-10,0.003956755371829156
1517,2.5226511073941234e-10,0.003894534687534395
1518,2.373687886226853e-10,0.0037795480311746746
1519,2.369389796557454e-10,0.0037761261751585464
1520,1.9610323484441282e-10,0.003450723987033549
1521,1.8773939726214222e-10,0.0033771369934490415
1522,1.7384866640194272e-10,0.0032522007740456048
1523,1.8411568949515574e-10,0.0033482337812062463
1524,1.6211880997461926e-10,0.0031482217798017654
1525,1.615610947306676e-10,0.0031428065806703045
1526,1.4914653417140687e-10,0.0030220579478177677
1527,1.38590599077652e-10,0.0029151139691193807
1528,1.2556277383585517e-10,0.0027781003635705325
1529,1.186315137608868e-10,0.0027014226367808865
1530,1.0850018604268356e-10,0.002586069653534948
1531,1.1641594684429544e-10,0.0026804045553462537
1532,1.1734511924189834e-10,0.0026911013627628866
1533,1.1350084978095322e-10,0.0026470206253107775
1534,1.021808163140916e-10,0.0025150200186024596
1535,9.719363132804715e-11,0.0024536441628947693
1536,1.1981023856334173e-10,0.0027391212336097437
1537,1.377557400909566e-10,0.0029442577264149
1538,1.7948414122941445e-10,0.003390188935458255
1539,1.6959349281749692e-10,0.0032967791038683667
1540,1.3984340330630347e-10,0.0030076186183765636
1541,1.3814091146856214e-10,0.002989310832568428
1542,1.3256153126950154e-10,0.002928943120024902
1543,1.1113518760029475e-10,0.0026922359046049685
1544,1.1047094118123994e-10,0.002684190261737489
1545,1.0548299067720571e-10,0.0026235923885511284
1546,1.402004744563863e-10,0.0030553422166890044
1547,1.398606575812818e-10,0.003051639458733028
1548,1.346127296887901e-10,0.0029943868184613845
1549,1.2748155108131269e-10,0.0029150722273685098
1550,1.0465516004239789e-10,0.002654091018698748
1551,9.640343466874252e-11,0.0025494577154095703
1552,7.266251989176422e-11,0.0022355349876715656
1553,7.247454204752645e-11,0.002232643324622124
1554,1.4822909931142615e-10,0.003399486893457911
1555,1.448926016806354e-10,0.003361227266911519
1556,1.3820135368348778e-10,0.003283615280665138
1557,1.3195500196334233e-10,0.003209409726920518
1558,1.3195500196334233e-10,0.003209409726920518
1559,1.2684782865873223e-10,0.0031473013890894216
1560,1.2684782865873223e-10,0.0031473013890894216
1561,1.3263950181009926e-10,0.0032191518147024994
1562,1.2179749187910666e-10,0.00308758438769894
1563,1.1525765184753858e-10,0.003004691432893432
1564,1.1363708655648859e-10,0.0029835678954605186
1565,1.130344980531208e-10,0.002975657345448626
1566,1.0323603982186413e-10,0.0028466840907692974
1567,8.739889071965323e-11,0.0026283332102521964
1568,8.453772632642482e-11,0.002585311534960943
1569,7.700265878959952e-11,0.0024700937625758406
1570,7.544134016991523e-11,0.002445051748153888
1571,6.590076390348179e-11,0.002290446841705387
1572,6.45185882057532e-11,0.002266427393568329
1573,4.730620128539729e-11,0.001964106571694601
1574,4.650787437590017e-11,0.0019475337008373085
1575,4.529651892288568e-11,0.0019221707316616926
1576,4.7727852328026434e-11,0.0019737578957683775
1577,7.375447120611055e-11,0.0025119158266733005
1578,7.25826774051375e-11,0.00249196146088281
1579,6.948922370497387e-11,0.002438858105664837
1580,7.545734172744711e-11,0.00254358940239417
1581,7.356031052032482e-11,0.002511615916686999
1582,1.131292867066121e-10,0.003187130128722772
1583,1.3071049230640838e-10,0.0034347830208147066
1584,1.2752544005617288e-10,0.0033929349518629372
1585,1.239711858514503e-10,0.0033456528044196617
1586,1.5000987352749843e-10,0.003697010290630878
1587,1.416432836112364e-10,0.0035939125134960975
1588,1.371763568453155e-10,0.003537242886840957
1589,1.0554425974764819e-10,0.0031294087198322886
1590,8.454991750614822e-11,0.002818165465889445
1591,7.577616328335695e-11,0.002671944795981198
1592,6.060179411453439e-11,0.002404412929915883
1593,5.797725304023108e-11,0.002352347800604499
1594,5.54843377466671e-11,0.0023017744852057913
1595,5.21697448478537e-11,0.0022330213408665017
1596,4.4179346646399017e-11,0.002062014852739086
1597,5.356799842483078e-11,0.002281116547126632
1598,5.055024953395667e-11,0.0022168632883483924
1599,4.8687313457653224e-11,0.0021760140874624236
1600,4.8687313457653224e-11,0.0021760140874624236
1601,5.461984953218586e-11,0.0023085874536617123
1602,6.592687527543713e-11,0.0025475414053173096
1603,7.004686445663948e-11,0.0026271435628950923
1604,6.805760164516257e-11,0.002589839402097765
1605,6.222302877552018e-11,0.0024788260373380584
1606,5.831850552513908e-11,0.0024010523088093994
1607,5.032709983595635e-11,0.0022365437801025586
1608,4.6779886887976466e-11,0.0021577244453767023
1609,4.693584255089331e-11,0.002161321176457695
1610,4.6419569451182547e-11,0.002149434397371644
1611,4.149046876012633e-11,0.0020353146554316992
1612,7.161025006725675e-11,0.002774077486326908
1613,7.035401176452614e-11,0.0027497450591269365
1614,6.856269472144017e-11,0.0027147387740195455
1615,6.418024089350367e-11,0.0026279771802666585
1616,5.47044933089108e-11,0.002433976284729372
1617,5.304339021209314e-11,0.0023970224140362115
1618,5.2382015257481134e-11,0.00238207869924019
1619,5.0217737025978235e-11,0.002332868287525876
1620,4.443433630315837e-11,0.0021985341564066145
1621,4.40580843880643e-11,0.0021892260091991933
1622,4.936540616485542e-11,0.0023210852018345413
1623,4.680894710716017e-11,0.0022609848223491933
1624,4.4205728034865047e-11,0.002198113948558391
1625,4.3228248581954776e-11,0.002173811541207734
1626,5.1234272862008236e-11,0.0023751103278816235
1627,5.1234272862008236e-11,0.0023751103278816235
1628,5.575755466827654e-11,0.002479955119598706
1629,4.941711859251636e-11,0.0023389518331371857
1630,2.9873589209694544e-11,0.0018764463777620115
1631,2.9294962823056017e-11,0.001858273780896198
1632,2.844343246512383e-11,0.00183126612522276
1633,2.1226875902205448e-11,0.0015989552817507096
1634,2.0233562543858992e-11,0.001561543661499126
1635,1.7353565610313382e-11,0.0014504104651831859
1636,1.7768895842974995e-11,0.0014677671090420525
1637,1.706557228610045e-11,0.0014387187316719117
1638,1.6144140069485163e-11,0.00139987790735657
1639,1.4932596448293363e-11,0.001347350701144116
1640,1.3297249507419946e-11,0.0012735729808719155
1641,1.3155572924207361e-11,0.0012667882894851323
1642,1.268483610821791e-11,0.0012441239825271408
1643,1.7958549417817963e-11,0.0015027458972870541
1644,2.6786465383186007e-11,0.001872099629314805
1645,2.4860624793275352e-11,0.0018048013612731722
1646,2.1648837171075732e-11,0.0016882186381745525
1647,1.856329070549549e-11,0.0015679101659230763
1648,1.6334719130318855e-11,0.0014737943088899206
1649,2.0554574631940265e-11,0.001664161800764452
1650,2.0554574631940265e-11,0.001664161800764452
1651,1.9363164180486576e-11,0.001615931667136199
1652,1.8502505336303467e-11,0.0015800189963569604
1653,1.6914060630686686e-11,0.0015121964835696578
1654,1.4458905037537172e-11,0.001402445261327931
1655,1.3961802053217422e-11,0.0013783369445867502
1656,1.2595813277573308e-11,0.0013109103764337078
1657,1.0106912360106818e-11,0.001181394085316903
1658,9.68841639458883e-12,0.0011569351486616576
1659,9.308657690944004e-12,0.0011342608449177417
1660,8.661547180927356e-12,0.0010948356056289072
1661,9.739359697307927e-12,0.0011629543547667257
1662,8.543213397623406e-12,0.0010915398269440843
1663,7.989863497329834e-12,0.0010561899283582665
1664,6.694787365363679e-12,0.0009705910712878697
1665,6.642155325305063e-12,0.0009667758501795155
1666,6.266706395272709e-12,0.0009394522676408651
1667,8.978519438680722e-12,0.0011427184454667109
1668,1.462192101022226e-11,0.0015018433053625374
1669,1.3729462575513543e-11,0.0014560103151369515
1670,1.3829183617707951e-11,0.0014612980263373236
1671,1.2926181463991919e-11,0.0014135889459793937
1672,1.0138894735586428e-11,0.0012611820762659818
1673,7.605274644464184e-12,0.001103602954955283
1674,8.364511839432541e-12,0.001158689487069474
1675,8.183539259983725e-12,0.0011461549226334093
1676,1.0319140435656526e-11,0.001295706951561046
1677,1.030579859948947e-11,0.0012948693280217583
1678,9.91186388784081e-12,0.0012701214169097454
1679,9.023543297575e-12,0.0012132060365359994
1680,8.549395335215472e-12,0.0011813316856753783
1681,7.733122597995837e-12,0.0011249365366138675
1682,6.883173433122598e-12,0.0010631155284949643
1683,6.568971628630481e-12,0.0010388510797866616
1684,7.646025501993532e-12,0.0011240165092166621
1685,7.547271026733144e-12,0.001116757727479486
1686,7.1894907505230576e-12,0.001090287637377905
1687,7.1894907505230576e-12,0.001090287637377905
1688,6.907774825584478e-12,0.0010689265006248833
1689,6.282538457930641e-12,0.0010205511743139912
1690,6.065466782854603e-12,0.0010029203428919002
1691,6.0278894948752774e-12,0.0009998136548253112
1692,5.311296956421875e-12,0.0009403849770517095
1693,5.502601752294764e-12,0.0009573205916062008
1694,6.9298561902972e-12,0.0010814745940643342
1695,6.369771209786561e-12,0.0010377711130464045
1696,6.369771209786561e-12,0.0010377711130464045
1697,5.76774898613478e-12,0.000988730005246654
1698,7.4011878220464e-12,0.001128735230221197
1699,9.125176175551746e-12,0.001260195641568688
1700,8.837907518684074e-12,0.0012403596021115077
1701,9.823696784020179e-12,0.001309535092935163
1702,9.512627117959507e-12,0.0012888017247841476
1703,9.169391013763552e-12,0.001265550351761191
1704,8.578884657463333e-12,0.0012247997977815855
1705,8.073370617163308e-12,0.001188713900893079
1706,7.841627692579382e-12,0.0011716531186653381
1707,7.44283936563884e-12,0.0011418607333810065
1708,1.2597787715769991e-11,0.001537290005359976
1709,9.972663514704006e-12,0.0013771199307334777
1710,1.0934202934075587e-11,0.0014435091705113025
1711,1.0083891831339083e-11,0.0013873810795115222
1712,9.849284623002848e-12,0.001371241993164367
1713,1.3049141394672529e-11,0.0015939880171333182
1714,1.2353981703770046e-11,0.0015515301962017033
1715,1.5599597408214265e-11,0.0017553377981335948
1716,1.6803428181878778e-11,0.0018230680607895086
1717,1.5808224411034303e-11,0.0017690813329335686
1718,1.3629931120292878e-11,0.0016471961073033184
1719,1.2737835214109564e-11,0.0015932905926298588
1720,1.1865032784496763e-11,0.001538704084131689
1721,1.0995414053045695e-11,0.001482316296671482
1722,9.442901094000373e-12,0.00137766742902156
1723,1.0722736866981029e-11,0.0014710279355745904
1724,9.953041900801767e-12,0.0014182315827792795
1725,9.374694267386573e-12,0.0013770265477904783
1726,7.120347424284259e-12,0.0012114587243320103
1727,7.120347424284259e-12,0.0012114587243320103
1728,6.798348353162815e-12,0.0011840661997336696
1729,5.988289243240209e-12,0.0011135223292213954
1730,5.775983255626527e-12,0.0010937831810078967
1731,7.084060046873864e-12,0.0012176367597331625
1732,6.843473272264007e-12,0.0011969602480483219
1733,6.843473272264007e-12,0.0011969602480483219
1734,6.732118967770885e-12,0.0011872220149447066
1735,6.692224323048123e-12,0.0011837042666161337
1736,7.955327151737061e-12,0.0012954115357781011
1737,6.1506022895638215e-12,0.0011484746869990863
1738,6.050351655241446e-12,0.0011391150088363308
1739,6.438784380384228e-12,0.001175680614634634
1740,6.194157089394567e-12,0.001153346929668935
1741,6.1749293203755e-12,0.0011515568323205406
1742,6.088886995984598e-12,0.0011435338557502551
1743,6.257026768273988e-12,0.0011593227447736394
1744,5.87065194088156e-12,0.0011235283377818667
1745,9.23560619833146e-12,0.0014455216616627736
1746,8.54699876170258e-12,0.0013916325641496641
1747,8.236492991872185e-12,0.0013663541036806784
1748,7.676019338949167e-12,0.0013198655389218686
1749,7.528655123896676e-12,0.0013071961499762773
1750,8.441972073002167e-12,0.0013864855037806025
1751,8.37197206674592e-12,0.0013807372027260882
1752,7.966363895192215e-12,0.0013472899881553171
1753,7.624996634901349e-12,0.0013184235756913158
1754,7.075933030158769e-12,0.0012709548071325712
1755,6.9033226019383705e-12,0.0012554529607631318
1756,5.987016170238259e-12,0.0011721322405116117
1757,5.8327403043993466e-12,0.001157030250543591
1758,4.4786105647994805e-12,0.001022722104619794
1759,4.385522245946862e-12,0.0010120934196744295
1760,4.1015105904422555e-12,0.000979321230693663
1761,4.01422862233217e-12,0.0009689010351898258
1762,3.1434933825624207e-12,0.0008638177982142712
1763,2.8411223256311744e-12,0.0008222726971348537
1764,3.199556175656623e-12,0.0008741413488197788
1765,3.1920180452094413e-12,0.0008731116135760576
1766,3.0545228845425198e-12,0.0008543071112379578
1767,3.0115373214945754e-12,0.0008482958823847933
1768,2.78003898176588e-12,0.0008156914236970111
1769,2.6687225146489153e-12,0.0007993607376636299
1770,2.7812861838796506e-12,0.0008162187993722753
1771,3.0764630261658446e-12,0.0008595312943628595
1772,2.978950984147408e-12,0.0008459093767615078
1773,3.301775622530994e-12,0.0008917443686951658
1774,2.6611870770331165e-12,0.0008052392130752223
1775,2.5812370410324816e-12,0.0007931433133487248
1776,2.384892066035609e-12,0.0007629776018017332
1777,2.3475662938583077e-12,0.000757006948339714
1778,2.5370963037607896e-12,0.0007875653046235032
1779,2.288070503824937e-12,0.0007489140165949659
1780,2.4847137134693094e-12,0.0007810959042869547
1781,2.4710197169846097e-12,0.0007789434783335067
1782,2.387913713176084e-12,0.0007658446594062328
1783,2.4948918944229265e-12,0.0007829995231537834
1784,2.439064925540596e-12,0.0007742391255366159
1785,2.365822704369267e-12,0.0007626143851128896
1786,2.166192003092304e-12,0.0007304392681392418
1787,1.9811917020822868e-12,0.0006992482462255812
1788,1.8340619705879655e-12,0.000673284023125183
1789,2.265120998341225e-12,0.0007524048928297938
1790,2.1058668197107414e-12,0.0007259551748471973
1791,2.0981894019568113e-12,0.0007246318572718022
1792,2.488898410533261e-12,0.0007920995973799005
1793,2.3650648348351145e-12,0.0007723943886342372
1794,2.0807083926154527e-12,0.0007259611329561165
1795,2.0557580935004326e-12,0.0007216085414355032
1796,1.6030182683321051e-12,0.0006421485782417811
1797,1.3693962994213016e-12,0.0005953555946102815
1798,1.2421323966659939e-12,0.0005676911133606498
1799,1.1429029374094354e-12,0.0005450157196768804
1800,1.1194400183523997e-12,0.0005394213427192991
1801,1.0453445138868118e-12,0.000521569248880847
1802,1.0015733032580894e-12,0.0005106495390880713
1803,1.0854295688411424e-12,0.0005320264883489676
1804,1.0646328960505397e-12,0.0005269297132510035
1805,1.0556001567232462e-12,0.0005246943799444438
1806,9.732650155108384e-13,0.000504231714421456
1807,9.48672833529419e-13,0.0004978613230664625
1808,8.668756604584013e-13,0.0004763978388341134
1809,8.086841675969263e-13,0.00046040805927156464
1810,7.465975301383906e-13,0.0004427341703762713
1811,8.306579467878267e-13,0.0004676581872156207
1812,7.905899965929022e-13,0.00045637911318396614
1813,7.282294759926566e-13,0.00043837987260928087
1814,5.665736300119362e-13,0.00038972304704548813
1815,5.608077074764854e-13,0.0003877399747839916
1816,5.46676464470679e-13,0.00038285483524891524
1817,4.668749924320338e-13,0.00035491108660083796
1818,5.82226515411035e-13,0.00039875530081787884
1819,5.634469993959847e-13,0.0003923244432739649
1820,6.021106299468261e-13,0.00040578505922104596
1821,5.386440375659672e-13,0.00038439879425002294
1822,5.259904558019221e-13,0.000379883733065068
1823,4.5316492108715896e-13,0.00035358550304516613
1824,4.331527349689713e-13,0.00034577817003419824
1825,3.8521425382674806e-13,0.0003266439490708188
1826,3.7890423970194727e-13,0.0003239686483622622
1827,3.665203332466938e-13,0.0003186744380904148
1828,4.623241589154451e-13,0.0003603231919828113
1829,3.9828746535583073e-13,0.00033536894139643276
1830,3.4890084628121174e-13,0.0003145764992549174
1831,3.1054345977831445e-13,0.00029728457735897013
1832,2.791693803666295e-13,0.00028226730740167047
1833,2.7477741076927117e-13,0.000280046953882226
1834,2.581005887986388e-13,0.00027154863304093714
1835,2.4870537693904597e-13,0.00026660626357661785
1836,2.734641135687619e-13,0.00027987665271127633
1837,2.6631933927398595e-13,0.0002762204956237822
1838,2.3605452778129714e-13,0.00026052550093571256
1839,2.776863160816813e-13,0.00028349930830926987
1840,3.7257162654168223e-13,0.00033193511217547117
1841,3.04779331883515e-13,0.0003017360291952837
1842,6.662437746042007e-13,0.0004806635912576458
1843,6.410734457578517e-13,0.000471583986225982
1844,6.25427384405846e-13,0.00046582923844322785
1845,6.110300747120289e-13,0.0004604675545950914
1846,5.14052289030765e-13,0.00042392669869389547
1847,5.781634871073896e-13,0.00045036218894448684
1848,6.92399696426794e-13,0.0004948545085331947
1849,6.619736302554802e-13,0.00048398183188450136
1850,6.574094723809077e-13,0.00048231335946491785
1851,6.337498717274937e-13,0.00047363433828089186
1852,5.3455650644547e-13,0.00043656815016542694
1853,5.215812223398102e-13,0.00043126974325093115
1854,8.117859230055824e-13,0.0005512477077421465
1855,8.591667833689123e-13,0.0005673348250017277
1856,7.816874039148158e-13,0.0005417537905421134
1857,7.321556594851169e-13,0.0005245896337688537
1858,7.059380915294298e-13,0.0005151971881911906
1859,5.664515780225315e-13,0.00046429820681333797
1860,5.460768458809288e-13,0.0004559480212328929
1861,5.771610882729238e-13,0.00046892494830557465
1862,7.596586403509049e-13,0.000543061664131429
1863,6.624362413898399e-13,0.0005083106885180554
1864,6.187895695429157e-13,0.0004915648732744
1865,5.573983104837948e-13,0.0004671803425995825
1866,5.327285164830802e-13,0.0004568419162029258
1867,5.016315857148999e-13,0.00044350831287533253
1868,5.388155351647783e-13,0.000459946064360872
1869,5.08203205096982e-13,0.0004468803490866335
1870,5.36468317009313e-13,0.00045930758582153836
1871,5.209595134108871e-13,0.00045266850676139536
1872,4.3630902222388546e-13,0.00041589154957392163
1873,4.1585939404204066e-13,0.0004061452148437704
1874,3.9857855714394155e-13,0.0003977066304144992
1875,3.649086701060135e-13,0.00038090851486076243
1876,3.4811542568546385e-13,0.0003721437329907304
1877,2.97144807967169e-13,0.00034489932703948655
1878,2.737543180872141e-13,0.00033132452444759383
1879,2.7049381784889474e-13,0.00032935143467412354
1880,2.680816044486398e-13,0.00032788288735124553
1881,2.5559814701388984e-13,0.0003202488087723545
1882,2.463322713047983e-13,0.0003144440216627124
1883,2.7318697747389364e-13,0.00033158408569827736
1884,2.320383385706774e-13,0.000306611750020682
1885,2.1929889049475498e-13,0.00029819489853631745
1886,1.7723192292734534e-13,0.00026959430895468823
1887,2.377041176981551e-13,0.0003155876020672756
1888,2.1636674331138506e-13,0.00030142333162396065
1889,2.0065516064859857e-13,0.0002904793262772453
1890,2.312094189041123e-13,0.000312595329484623
1891,2.2103481559292988e-13,0.0003057172933528998
1892,2.0712033907725942e-13,0.00029609460995937625
1893,1.9443548709200497e-13,0.00028702761944145004
1894,1.80496722138467e-13,0.00027673934701133863
1895,1.6737384068432784e-13,0.0002666792816497646
1896,1.309898890723828e-13,0.0002376937303838617
1897,1.2276235766757115e-13,0.0002302289075440645
1898,1.157586664238699e-13,0.0002236615353688753
1899,1.0925804335120145e-13,0.00021738149007203541
1900,1.0089358686553789e-13,0.00020906046418357274
1901,9.912120314752027e-14,0.00020722419602069145
1902,9.068353238442345e-14,0.00019840423881351457
1903,8.656765148326031e-14,0.00019390172222769937
1904,7.278587378740293e-14,0.00017846691266085564
1905,7.778166378444058e-14,0.0001845916122122925
1906,7.483990730610642e-14,0.00018110092080347563
1907,8.090474279068864e-14,0.00018843889949903328
1908,8.886503184174717e-14,0.00019770923431955452
1909,9.193020473621521e-14,0.00020111897251163402
1910,8.284375067389537e-14,0.00019117959344665944
1911,7.96213448148843e-14,0.00018746139963581358
1912,7.936861768406567e-14,0.00018716388782048722
1913,7.726542794998745e-14,0.00018468405902328464
1914,7.48649102184755e-14,0.0001818151345238309
1915,8.32410258264153e-14,0.00019198615177076607
1916,7.488561175686654e-14,0.00018235073595423648
1917,6.733010229101929e-14,0.00017315168770395552
1918,7.141934700300326e-14,0.00017840980850892675
1919,6.749652664311876e-14,0.00017351008834491795
1920,6.388731603073493e-14,0.00016887107591453553
1921,6.331277122450387e-14,0.0001681117389630296
1922,7.420036983985174e-14,0.0001825664303385448
1923,6.14936408099475e-14,0.00016693428345520919
1924,5.673318322019732e-14,0.0001604727732388934
1925,5.5138701332291254e-14,0.00015821773557038847
1926,5.2804486513820303e-14,0.00015486877944710528
1927,5.072052764384868e-14,0.00015181278754264842
1928,4.999553783581836e-14,0.00015072779563887788
1929,5.6119130085185104e-14,0.00015995857503532538
1930,5.3101865292233864e-14,0.0001556584604749952
1931,5.5143604641079395e-14,0.00015865095426013343
1932,5.2196093947656596e-14,0.00015441088519639368
1933,4.9828781103015363e-14,0.0001509092929867887
1934,4.976965011292279e-14,0.00015081975220623028
1935,6.241174472070718e-14,0.0001699747751146462
1936,6.196798436090498e-14,0.00016937049728440995
1937,6.72606776959877e-14,0.00017660347501784733
1938,6.470215476117504e-14,0.00017324457308079674
1939,8.230988185682066e-14,0.00019681753734194019
1940,8.117679690138237e-14,0.0001954628337176749
1941,7.624388121399824e-14,0.00018952393420727765
1942,8.671713279396552e-14,0.00020254092528756355
1943,8.576734410264112e-14,0.00020143173801297058
1944,8.174794500864175e-14,0.00019671179154766362
1945,7.838489031774963e-14,0.00019266549709189332
1946,6.997282561633193e-14,0.00018232731443514722
1947,6.45215480476328e-14,0.0001752251516270364
1948,6.744268932195005e-14,0.0001791917134827622
1949,6.725239144727498e-14,0.00017893890771109158
1950,6.456345571847706e-14,0.00017536167267259004
1951,6.313659257806054e-14,0.000173423911564593
1952,6.186971789024652e-14,0.0001716839826671692
1953,6.202422349942975e-14,0.00017189835360042647
1954,6.266121084852307e-14,0.000172781049669765
1955,6.687032508707822e-14,0.00017858412278684517
1956,6.487168386568782e-14,0.00017591533368777285
1957,5.937999825129997e-14,0.000168469313715765
1958,5.936353203521448e-14,0.0001684459552431723
1959,5.814312492511248e-14,0.00016671448278526038
1960,5.6176626717314587e-14,0.0001638952007804367
1961,5.4092675625674467e-14,0.00016085523912254227
1962,5.692142260137357e-14,0.00016506115763119595
1963,6.059228332134e-14,0.00017038355201497512
1964,8.344235825779637e-14,0.0002025103899394887
1965,8.311778605445751e-14,0.0002021165297656271
1966,8.311778605445751e-14,0.0002021165297656271
1967,7.96852307646586e-14,0.00019794307787081696
1968,7.218737503370389e-14,0.00018863050748246115
1969,6.769890345272174e-14,0.0001827661671338478
1970,6.397350053207992e-14,0.0001777374474788061
1971,5.886151468837594e-14,0.00017063613750005856
1972,6.651926182279281e-14,0.00018173582122283478
1973,6.651926182279281e-14,0.00018173582122283478
1974,6.517646072331357e-14,0.00017990150245661865
1975,7.224599463530259e-14,0.0001896582440648655
1976,9.8461751066528e-14,0.00022406869378375455
1977,7.90664784047736e-14,0.0002019998530216058
1978,8.446650644197519e-14,0.00020889787663309762
1979,8.530322271192267e-14,0.00020993253675756049
1980,8.515664387763766e-14,0.00020975217038019434
1981,7.433970987144777e-14,0.0001964303948771706
1982,6.354099287103042e-14,0.0001821634825618893
1983,5.985809455993474e-14,0.00017688429544222785
1984,5.892579314083646e-14,0.00017550679185754668
1985,6.103255779222013e-14,0.0001786442252755365
1986,5.639600133395699e-14,0.00017185855164169868
1987,5.4517907181748676e-14,0.0001689969432544838
1988,6.566461782542638e-14,0.00018627346874402416
1989,7.59051254199036e-14,0.000200798299120667
1990,7.241850131677186e-14,0.00019618656713478986
1991,7.569396738390305e-14,0.0002006232955383928
1992,6.582973522849149e-14,0.00018755095416581402
1993,6.652580982904258e-14,0.00018854252321170805
1994,6.459215427938085e-14,0.00018580241153706308
1995,6.028851841181376e-14,0.00017961260465190531
1996,4.983152223527367e-14,0.00016403577203450814
1997,4.8256454136972546e-14,0.00016144336164925142
1998,4.538992070575703e-14,0.00015664832643902006
1999,4.8577079271032515e-14,0.00016214803923409956
2000,4.8247555088718744e-14,0.00016159807100994718
2001,4.9912913034505746e-14,0.0001643870064397882
2002,4.200064462771367e-14,0.00015135757138516135
2003,4.069803850261282e-14,0.00014901047289043244
2004,4.5594718449218856e-14,0.00015797474514141598
2005,4.052415315504847e-14,0.00014919059987948598
2006,3.850604172522477e-14,0.00014547573810696384
2007,3.5154956844925084e-14,0.00013914554257687736
2008,3.54434986111954e-14,0.00013971657585677697
2009,6.21690452846691e-14,0.00019239198905567003
2010,6.21690452846691e-14,0.00019239198905567003
2011,5.4359905961299354e-14,0.00018030867781647966
2012,5.918409740218558e-14,0.00018830946042323256
2013,5.3492898303000795e-14,0.000179255452010754
2014,5.233802017515041e-14,0.00017732044561371288
2015,5.233802017515041e-14,0.00017732044561371288
2016,6.57351324418267e-14,0.00020001505566118926
2017,5.480460244422183e-14,0.00018338566370087024
2018,5.753181731691946e-14,0.00018794852965718802
2019,5.053010280832736e-14,0.0001765117107946777
2020,6.879249841911653e-14,0.00020840880295672226
2021,5.473663095830521e-14,0.00018711748065164372
2022,5.170748386557031e-14,0.0001819399024686938
2023,4.991008692714392e-14,0.0001787777081476066
2024,4.701536280400904e-14,0.00017359326371647307
2025,4.5414967652995834e-14,0.000170638720765709
2026,4.072499624800026e-14,0.00016182785110825358
2027,3.860963102475407e-14,0.00015762496541242162
2028,3.6732392921779516e-14,0.0001537930252565764
2029,3.4253087884129326e-14,0.0001486027859072634
2030,3.3258664566491135e-14,0.0001464456946127199
2031,2.967713481533831e-14,0.00013856053718050985
2032,3.054361768622182e-14,0.00014058331216863432
2033,3.080354196881422e-14,0.00014118148978032534
2034,3.048560356731574e-14,0.00014045288822490398
2035,3.048560356731574e-14,0.00014045288822490398
2036,2.857522245370633e-14,0.00013605214633989797
2037,2.8094753150221822e-14,0.00013490834282103815
2038,2.73163897284237e-14,0.0001330395291178918
2039,2.6603120043934063e-14,0.0001313026037060423
2040,2.508542117765726e-14,0.0001275572194718857
2041,2.650381477359779e-14,0.00013116342448501995
2042,2.5548812216222607e-14,0.00012880034190827967
2043,2.3788149815070664e-14,0.00012436228981148925
2044,2.7779520830439934e-14,0.00013479555265070466
2045,2.6258653732293453e-14,0.00013110567401215217
2046,2.38699066955446e-14,0.0001251423391532836
2047,2.07626558707698e-14,0.00011699717458460792
2048,1.937239871228511e-14,0.00011308013813943606
2049,1.922626855402598e-14,0.00011265364427237039
2050,1.8628555028919385e-14,0.00011090253467341384
2051,1.8073055659251505e-14,0.00010924899020874621
2052,1.652015714041706e-14,0.00010455546747861297
2053,1.7594422313707143e-14,0.00010795495988157997
2054,1.720873664697516e-14,0.00010677172465121626
2055,1.7429227651217307e-14,0.00010745574362587906
2056,1.4496450846344272e-14,9.841507588193715e-05
2057,1.360514864547152e-14,9.538959141465632e-05
2058,1.3569618395923801e-14,9.526503503987736e-05
2059,1.2993378615315778e-14,9.324229934867013e-05
2060,1.2871115387071339e-14,9.280361034926451e-05
2061,1.2393600695886849e-14,9.108211667897825e-05
2062,1.1448001161933376e-14,8.760745224543227e-05
2063,1.0644525375929607e-14,8.453309605184858e-05
2064,9.418451978085755e-15,7.966468827197143e-05
2065,8.736205012852834e-15,7.677934193606402e-05
2066,5.429650831302384e-15,6.224928833945774e-05
2067,4.321042303168757e-15,5.5894359259532094e-05
2068,4.528258307714093e-15,5.723456898090976e-05
2069,4.244337259766485e-15,5.544026997016132e-05
2070,4.17104943275967e-15,5.4961620811752094e-05
2071,4.0754433974880444e-15,5.433172385864437e-05
2072,5.31524152096819e-15,6.259590062612288e-05
2073,5.0524730286731416e-15,6.104863035002253e-05
2074,4.845843222621876e-15,5.9800284581788585e-05
2075,5.3865377590049835e-15,6.313651376441923e-05
2076,7.003283308257526e-15,7.261158682533865e-05
2077,6.7317040367101504e-15,7.120368991556541e-05
2078,6.337391666262724e-15,6.911829700449119e-05
2079,6.092749172001099e-15,6.778420930179234e-05
2080,5.5733131605808376e-15,6.489474525830252e-05
2081,6.122014613973126e-15,6.808924016777589e-05
2082,6.020968501307848e-15,6.752732113726731e-05
2083,5.9181886547683465e-15,6.695096471701661e-05
2084,5.9181886547683465e-15,6.695096471701661e-05
2085,5.368774103413117e-15,6.384327109752018e-05
2086,5.3243014914354885e-15,6.357884601944719e-05
2087,8.865616469698822e-15,8.472272001602123e-05
2088,8.677830509322487e-15,8.382544810051029e-05
2089,8.27137599110014e-15,8.186232885740783e-05
2090,7.41572586514061e-15,7.762811727800742e-05
2091,7.106257245813944e-15,7.600835228724088e-05
2092,6.719080632402367e-15,7.393773653188645e-05
2093,6.264561768515639e-15,7.143694082445247e-05
2094,5.9428342127612266e-15,6.960255613712026e-05
2095,6.1022768361802046e-15,7.053625323768373e-05
2096,5.866842839087412e-15,6.917556177075149e-05
2097,5.642568686528596e-15,6.785336080854465e-05
2098,5.584276541204143e-15,6.750287167950247e-05
2099,5.106199035895185e-15,6.46133653794824e-05
2100,4.895974085229665e-15,6.328328194033836e-05
2101,4.569856044323958e-15,6.117565028530902e-05
2102,5.723592828225597e-15,6.889805962694783e-05
2103,5.1904990561835355e-15,6.56894870052389e-05
2104,4.962004919570011e-15,6.424360844371926e-05
2105,4.555454699054798e-15,6.16117838483347e-05
2106,4.389061167314388e-15,6.048656112210736e-05
2107,4.33933456827645e-15,6.014391484110974e-05
2108,3.966148949440382e-15,5.7557706780167546e-05
2109,3.83031721555894e-15,5.657209539619608e-05
2110,4.582485308441778e-15,6.212669083958333e-05
2111,4.321190788833678e-15,6.035545069966787e-05
2112,3.9092561829127875e-15,5.747863965219084e-05
2113,3.5229943018545016e-15,5.4638993638484976e-05
2114,3.4778081078976363e-15,5.428859168596736e-05
2115,3.434490844454096e-15,5.3950500400439045e-05
2116,3.434490844454096e-15,5.3950500400439045e-05
2117,3.757934616827303e-15,5.649089927777451e-05
2118,3.491885812680391e-15,5.449121890404779e-05
2119,3.4775418459362885e-15,5.437929940356371e-05
2120,3.3337178768382436e-15,5.325479148626419e-05
2121,3.848938445838103e-15,5.737001133767294e-05
2122,3.709463533000769e-15,5.633054585343649e-05
2123,3.650961645589658e-15,5.5886351804619636e-05
2124,3.992603118347411e-15,5.8501155435965986e-05
2125,5.459549094303758e-15,6.924828356413169e-05
2126,5.452385631658281e-15,6.920285330203434e-05
2127,6.013719797146081e-15,7.27651403935893e-05
2128,5.604725455337439e-15,7.029075418124758e-05
2129,5.268484153337399e-15,6.818229633680849e-05
2130,6.439411736343291e-15,7.575909918273496e-05
2131,6.056845978190848e-15,7.350867333620822e-05
2132,6.748985675112789e-15,7.770873646041978e-05
2133,5.481114688184337e-15,7.0409517204973e-05
2134,5.818352365251444e-15,7.257556766883287e-05
2135,5.357617121044031e-15,6.970206329901405e-05
2136,5.1428088487739775e-15,6.830474622197725e-05
2137,6.935228707046095e-15,8.020785084268431e-05
2138,6.6921779347359124e-15,7.880237591776596e-05
2139,5.977369387304289e-15,7.459383481102372e-05
2140,5.5169023856782584e-15,7.172066458933946e-05
2141,5.2921802599872274e-15,7.025995175850075e-05
2142,5.0816107188519644e-15,6.88621719139789e-05
2143,4.983502363510161e-15,6.819742654036325e-05
2144,4.7368302324121734e-15,6.650961711307315e-05
2145,5.986000904653323e-15,7.52793913126153e-05
2146,5.716639549073808e-15,7.358565961977477e-05
2147,5.468602879202056e-15,7.198927228367254e-05
2148,6.2736623769637144e-15,7.728821688333757e-05
2149,6.518678874283758e-15,7.879745399612846e-05
2150,6.253230023895815e-15,7.719308799036572e-05
2151,6.468987398283624e-15,7.852479799639811e-05
2152,6.121473696080165e-15,7.641562374806464e-05
2153,5.465813554009564e-15,7.232325308614768e-05
2154,7.150728193803956e-15,8.347058794474465e-05
2155,6.350619259897618e-15,7.880074444608712e-05
2156,6.350619259897618e-15,7.880074444608712e-05
2157,6.091190896061908e-15,7.719120470168952e-05
2158,5.835054544203449e-15,7.556824837794066e-05
2159,6.3033365816893435e-15,7.860054679534071e-05
2160,6.1965987260923814e-15,7.793505371045178e-05
2161,5.458506546670358e-15,7.32935353397121e-05
2162,5.288147560197475e-15,7.214979645355978e-05
2163,5.1421491183239975e-15,7.115381839661285e-05
2164,6.017269247738655e-15,7.720849877739945e-05
2165,5.829034124498334e-15,7.600086200029947e-05
2166,5.668062905253059e-15,7.495146417910101e-05
2167,5.407409905745401e-15,7.322809551838382e-05
2168,5.223006032940286e-15,7.197948068733641e-05
2169,5.0731506631918116e-15,7.09468845516364e-05
2170,4.8722434804807806e-15,6.95420634016544e-05
2171,5.3756288259692596e-15,7.313450041261934e-05
2172,5.7864764321797354e-15,7.592925572392062e-05
2173,5.649934504032293e-15,7.503341461051969e-05
2174,5.973730668188026e-15,7.718348659958908e-05
2175,6.090338550934731e-15,7.793680169323028e-05
2176,5.7510570148339225e-15,7.576594390132601e-05
2177,5.627776329749438e-15,7.495387775017017e-05
2178,5.316834006367147e-15,7.288322572630165e-05
2179,4.927055492961089e-15,7.021168140671073e-05
2180,4.683036845665213e-15,6.84730202991069e-05
2181,4.371149833645482e-15,6.619289242387755e-05
2182,4.309732165908027e-15,6.572786454469361e-05
2183,4.309732165908027e-15,6.572786454469361e-05
2184,3.71183046600958e-15,6.116855547058932e-05
2185,3.548276007078039e-15,5.982091983835482e-05
2186,3.4510622529548754e-15,5.900144917415242e-05
2187,3.6712507207892424e-15,6.08836868362723e-05
2188,3.5632268525471584e-15,5.998795785109965e-05
2189,3.3281569869956143e-15,5.80092231577571e-05
2190,3.2479239242753613e-15,5.730999868334747e-05
2191,3.1304898825206758e-15,5.6273929961411075e-05
2192,3.619032018243766e-15,6.0664965703513935e-05
2193,4.554414006202779e-15,6.850475766075051e-05
2194,4.4822852292122346e-15,6.796229880859367e-05
2195,4.466866310711317e-15,6.784540473638747e-05
2196,4.433985790865193e-15,6.75957003550907e-05
2197,4.35869925464789e-15,6.702183223925214e-05
2198,5.142497514837492e-15,7.304789557085598e-05
2199,5.0842332025413245e-15,7.263408055316873e-05
2200,4.422053744475321e-15,6.790408547015613e-05
2201,4.751886863414484e-15,7.043650791383569e-05
2202,4.687527171786991e-15,6.995951087466433e-05
2203,4.158386720762699e-15,6.601090366866637e-05
2204,4.158386720762699e-15,6.601090366866637e-05
2205,4.458196342325994e-15,6.839051689092148e-05
2206,4.0294081211643805e-15,6.51016253942e-05
2207,3.9809642766770646e-15,6.471028094339803e-05
2208,4.026887304193806e-15,6.50835186574099e-05
2209,3.710148316203223e-15,6.252391290274359e-05
2210,3.774703170498965e-15,6.306785639818407e-05
2211,3.579627326286434e-15,6.14381898027145e-05
2212,3.4515030485015118e-15,6.0338672593327784e-05
2213,3.659706063251255e-15,6.215855995303657e-05
2214,2.4784899597620923e-15,5.2127331936735826e-05
2215,2.321598844660537e-15,5.04774734810638e-05
2216,2.2950261062293944e-15,5.018859396543125e-05
2217,2.2522725436519544e-15,4.972111754175341e-05
2218,2.151354909762993e-15,4.8607189844421397e-05
2219,2.054627597586754e-15,4.7514473155800035e-05
2220,1.9525794762836396e-15,4.6334511705376673e-05
2221,2.122763426126302e-15,4.835373558635805e-05
2222,1.8503876836147525e-15,4.5251556494838835e-05
2223,1.77737941313915e-15,4.435884144240093e-05
2224,1.2695731393807267e-15,3.80220689405404e-05
2225,1.3614421946241842e-15,3.939774846762652e-05
2226,1.22664145117655e-15,3.744729996361752e-05
2227,1.1726740957797214e-15,3.662353367728756e-05
2228,9.581568890125966e-16,3.327376319345604e-05
2229,9.201495475364253e-16,3.261382571641395e-05
2230,9.802677749502714e-16,3.367924241770147e-05
2231,1.0210040967538414e-15,3.4379035113272604e-05
2232,9.701759145692909e-16,3.3523297185470844e-05
2233,8.708460932445037e-16,3.180718412306357e-05
2234,8.593275703363901e-16,3.159683020300457e-05
2235,7.995250215948274e-16,3.0497382772524495e-05
2236,7.883395897047884e-16,3.0284052114563302e-05
2237,7.766021292555283e-16,3.0058604941428736e-05
2238,8.166537807617072e-16,3.083371018806906e-05
2239,7.947213651550241e-16,3.0419668300018293e-05
2240,6.994847001642923e-16,2.85969742804276e-05
2241,6.713255879166267e-16,2.8021360969287963e-05
2242,6.890239163341527e-16,2.8390728127390458e-05
2243,6.736812469976409e-16,2.8074636375308145e-05
2244,8.737345591131881e-16,3.224309439484664e-05
2245,6.325218967115757e-16,2.779240478784442e-05
2246,5.889643689265685e-16,2.683546681458821e-05
2247,6.505255984827506e-16,2.823794922267608e-05
2248,6.031859077409061e-16,2.721049097468152e-05
2249,5.016232617406908e-16,2.4919680275287077e-05
2250,4.997053560453028e-16,2.487204133948357e-05
2251,6.544602905468403e-16,2.8723382016390746e-05
2252,5.795635061459556e-16,2.7079822444313167e-05
2253,5.626350477068721e-16,2.6684335458051068e-05
2254,5.15043698327203e-16,2.555576771513823e-05
2255,5.042164345494775e-16,2.5287150664786223e-05
2256,4.963839211762184e-16,2.5090744982442166e-05
2257,4.963839211762184e-16,2.5090744982442166e-05
2258,4.877843453768709e-16,2.4873403370301178e-05
2259,4.618926634115215e-16,2.4213260977906325e-05
2260,4.0674441290644133e-16,2.2767774734314747e-05
2261,3.756207882015101e-16,2.1896692484980665e-05
2262,3.6916530804067377e-16,2.1708532419876795e-05
2263,4.0556737831792686e-16,2.2778832777944726e-05
2264,3.8849755569228934e-16,2.2299466517335658e-05
2265,3.7618935772118577e-16,2.1946225879751372e-05
2266,3.668481342849996e-16,2.1673750601921066e-05
2267,3.796627660138977e-16,2.205230116029985e-05
2268,2.828954895776352e-16,1.9241989861092366e-05
2269,3.6966407967655123e-16,2.2192903524363112e-05
2270,3.4925940904149573e-16,2.1580402997876447e-05
2271,3.2586278984696584e-16,2.0857575698260565e-05
2272,2.8607480877058765e-16,1.9584216399441495e-05
2273,2.7758331128699133e-16,1.9293559341959333e-05
2274,2.692780177125405e-16,1.90049276629003e-05
2275,3.5376228305220947e-16,2.1986265250485543e-05
2276,7.73276960083874e-16,3.5022647883069226e-05
2277,6.855019908630373e-16,3.303493067523003e-05
2278,6.749340108994502e-16,3.278029065220486e-05
2279,6.269848244624282e-16,3.161588921253841e-05
2280,7.054797627127197e-16,3.359495407554689e-05
2281,6.68526254887582e-16,3.27150908505961e-05
2282,6.295605244891386e-16,3.1761674735129344e-05
2283,6.269470276510137e-16,3.169574855864205e-05
2284,6.525514445477466e-16,3.234297322369081e-05
2285,5.967821037691806e-16,3.09609011199702e-05
2286,5.598163858971466e-16,3.0002015181001582e-05
2287,5.433083632269007e-16,2.9559661259932156e-05
2288,5.364378451384136e-16,2.9372759859988955e-05
2289,5.705948094429636e-16,3.0307895513780206e-05
2290,4.534028019841758e-16,2.719549152908699e-05
2291,4.1126477004603376e-16,2.5931753760362157e-05
2292,2.5022588074037246e-16,2.0854707138001096e-05
2293,2.438142664928597e-16,2.0587523869391783e-05
2294,2.7250398349924657e-16,2.1798794731780765e-05
2295,2.848644742758667e-16,2.229317980051198e-05
2296,3.1770196690515407e-16,2.3578092791581836e-05
2297,2.871149421679333e-16,2.2443092409780767e-05
2298,3.4175890717832324e-16,2.457878682384526e-05
2299,2.4204938960822206e-16,2.0993307520762717e-05
2300,2.351809275420476e-16,2.0695451499346425e-05
2301,2.3032934994013315e-16,2.0481986933990068e-05
2302,2.1237754190659317e-16,1.9683806637644786e-05
2303,1.719173949746633e-16,1.7808820936263334e-05
2304,2.3083814236166156e-16,2.086060356652161e-05
2305,2.1915421380222821e-16,2.0332671312162985e-05
2306,1.9216567247402798e-16,1.9080700997514525e-05
2307,2.1378583404051894e-16,2.0154066060736014e-05
2308,2.2479653351782163e-16,2.0673067625167104e-05
2309,2.4868714785120963e-16,2.1771599435226715e-05
2310,2.5379438990624194e-16,2.1995159094826484e-05
2311,2.414740210006333e-16,2.1461285051578472e-05
2312,2.3914382067606033e-16,2.1357735416744648e-05
2313,1.4523257073650443e-16,1.7164167664931947e-05
2314,1.4094460511283264e-16,1.6910783177785125e-05
2315,1.7553685563715071e-16,1.8986002898965875e-05
2316,1.6169653755805412e-16,1.8237520996921584e-05
2317,1.2590700302169115e-16,1.6219195813728884e-05
2318,1.1310664735368098e-16,1.539473224108287e-05
2319,1.1081848613897166e-16,1.5239013589487038e-05
2320,1.3812905708302014e-16,1.711679669343184e-05
2321,1.520479670891983e-16,1.7979204494517208e-05
2322,1.1761132865904166e-16,1.59431912011717e-05
2323,1.1009274697220653e-16,1.5433588143534508e-05
2324,1.1009274697220653e-16,1.5433588143534508e-05
2325,8.601227446724074e-17,1.3745701769706572e-05
2326,7.849119119810809e-17,1.3144726105227415e-05
2327,7.608483001242627e-17,1.2943232420310577e-05
2328,7.637440076380181e-17,1.2967862701646326e-05
2329,6.338281256598431e-17,1.1864920286774541e-05
2330,6.338281256598431e-17,1.1864920286774541e-05
2331,9.83924027883487e-17,1.5141723417185957e-05
2332,9.83924027883487e-17,1.5141723417185957e-05
2333,1.151157662534522e-16,1.642851252395455e-05
2334,1.0979811904866876e-16,1.6049063919540916e-05
2335,1.0846058543310932e-16,1.5951311049652805e-05
2336,8.384802775942494e-17,1.4141425174462744e-05
2337,7.714778098864884e-17,1.3576408674425178e-05
2338,9.416496676868983e-17,1.5073744473833629e-05
2339,8.769565752330647e-17,1.4555947262017786e-05
2340,8.511598476397708e-17,1.4341856954136332e-05
2341,8.407475688118749e-17,1.4254134645612054e-05
2342,8.307701936004305e-17,1.4169555840421632e-05
2343,7.974268767695193e-17,1.3885205250222375e-05
2344,7.656366290098806e-17,1.3608431211149205e-05
2345,7.393908177757798e-17,1.3375184587863984e-05
2346,9.268768026350853e-17,1.5070945202442736e-05
2347,9.124273675463461e-17,1.495347185333661e-05
2348,8.49847207521061e-17,1.4440669029352996e-05
2349,8.267513162147472e-17,1.4244445449784356e-05
2350,7.531316716846505e-17,1.3610233571330517e-05
2351,7.502773022367073e-17,1.3584442174987779e-05
2352,8.966823204678036e-17,1.4909839130459648e-05
2353,1.2083385312836708e-16,1.7500915067391786e-05
2354,1.136467183149111e-16,1.6980442398964318e-05
2355,1.0679175334224087e-16,1.646832757685919e-05
2356,1.0599642763212217e-16,1.640700409487384e-05
2357,9.391667762339424e-17,1.54721022671155e-05
2358,1.1985406882314076e-16,1.7608602297460995e-05
2359,8.025666451167405e-17,1.46998360312057e-05
2360,8.229996478260744e-17,1.4886961792835564e-05
2361,7.081924496963351e-17,1.3848607537998068e-05
2362,5.4851341570322023e-17,1.2287356585121137e-05
2363,5.099883811206099e-17,1.1855853158022847e-05
2364,4.655029081338715e-17,1.1338769578356715e-05
2365,5.303606285293065e-17,1.2128675220288637e-05
2366,4.890743236368822e-17,1.1656592493791192e-05
2367,6.824553774252953e-17,1.396111353598055e-05
2368,7.392705776515767e-17,1.4542252968071411e-05
2369,8.128892402101053e-17,1.5266332382606006e-05
2370,6.811485298788673e-17,1.4029265035203628e-05
2371,9.35859973636686e-17,1.6652345167677293e-05
2372,8.759775650043986e-17,1.6119582486235877e-05
2373,8.800973145962687e-17,1.615748793383056e-05
2374,8.711235361213974e-17,1.607511424911189e-05
2375,7.584454457400646e-17,1.503547228035256e-05
2376,7.781992921391342e-17,1.5231273053916268e-05
2377,7.475526827636051e-17,1.4931358314664657e-05
2378,1.032704570328355e-16,1.777912082391823e-05
2379,9.771458428914091e-17,1.7300869174653946e-05
2380,9.559677617333774e-17,1.7113384770892313e-05
2381,8.914710834876463e-17,1.6536086814075082e-05
2382,9.872953135272097e-17,1.74248188302763e-05
2383,9.709664510421348e-17,1.7280724420727033e-05
2384,9.323377924707128e-17,1.6936978659584285e-05
2385,9.104312740932643e-17,1.673800022212258e-05
2386,1.0835496031475534e-16,1.8329363959627136e-05
2387,1.2526356953308788e-16,1.97594971603299e-05
2388,1.1618293863330835e-16,1.9043292516206285e-05
2389,1.4385842967451446e-16,2.131140725674806e-05
2390,1.3923853703498487e-16,2.0969208284653656e-05
2391,1.3401054669359087e-16,2.057554277827411e-05
2392,1.3327656086403735e-16,2.0519195881678145e-05
2393,1.3897912344881944e-16,2.095817779247356e-05
2394,1.53806251945189e-16,2.2076150001059266e-05
2395,1.5973203266968387e-16,2.2501420178613406e-05
2396,1.54569194273913e-16,2.2137776161455767e-05
2397,1.7888705417544015e-16,2.3879207698815167e-05
2398,2.2567283867474963e-16,2.7001869287046525e-05
2399,2.5668041832209e-16,2.885690558087334e-05
2400,2.9764045150168726e-16,3.115934029283858e-05
2401,2.920486993002371e-16,3.0866646022286405e-05
2402,2.8766801743193374e-16,3.063514874650816e-05
2403,2.8766801743193374e-16,3.063514874650816e-05
2404,2.69626242787325e-16,2.967447113134827e-05
2405,2.69626242787325e-16,2.967447113134827e-05
2406,2.357877589361728e-16,2.7812376585600266e-05
2407,2.6645765172617703e-16,2.9621212235008363e-05
2408,2.6310272389318745e-16,2.9434734142278934e-05
2409,2.50093511000926e-16,2.8707028405869533e-05
2410,2.46652318867099e-16,2.8509529478487406e-05
2411,2.46652318867099e-16,2.8509529478487406e-05
2412,2.254097939850026e-16,2.7281861333899745e-05
2413,1.8881906055126855e-16,2.5067531383996947e-05
2414,1.82993160417128e-16,2.4680809476721734e-05
2415,1.8548401315229575e-16,2.4848783683110413e-05
2416,1.7848550737365704e-16,2.4379998386623423e-05
2417,1.7848550737365704e-16,2.4379998386623423e-05
2418,1.5059601455749124e-16,2.247523368088625e-05
2419,1.4963716929424346e-16,2.240368374173737e-05
2420,1.3412438562795556e-16,2.124239640633576e-05
2421,2.0139177698808566e-16,2.656924500960041e-05
2422,2.2758440597376535e-16,2.8297017581484652e-05
2423,2.378362745869989e-16,2.8934357616164317e-05
2424,2.3308019487419147e-16,2.8645053321644234e-05
2425,2.286421406487722e-16,2.8372339674738063e-05
2426,2.2368794704714066e-16,2.8064955254523446e-05
2427,2.0927357540374985e-16,2.7160707393755647e-05
2428,1.9785483493906337e-16,2.6419713056634408e-05
2429,2.0860497626839894e-16,2.7137450506231696e-05
2430,1.8667747166752174e-16,2.5711174437759937e-05
2431,1.7823465136683717e-16,2.512975766700953e-05
2432,1.7823465136683717e-16,2.512975766700953e-05
2433,1.6948291602598102e-16,2.451279293373534e-05
2434,1.6424249187980002e-16,2.4133824259510412e-05
2435,1.4692939085217011e-16,2.2861829013926348e-05
2436,1.8603281087692818e-16,2.5904023966484262e-05
2437,1.892907294755405e-16,2.6130847399032243e-05
2438,2.1666279098407008e-16,2.802015060013997e-05
2439,1.53559392740218e-16,2.39396928663906e-05
2440,1.473199950511126e-16,2.3453336214143532e-05
2441,1.399838467509994e-16,2.286937898369536e-05
2442,1.386947981963416e-16,2.2764082049052276e-05
2443,1.163267734074105e-16,2.092844164223025e-05
2444,1.1208909112436441e-16,2.0547239259660798e-05
2445,1.1358526998629216e-16,2.0684372787745023e-05
2446,1.1432340818054853e-16,2.0751581879120667e-05
2447,9.937059632696538e-17,1.9394491041640232e-05
2448,8.246622177623082e-17,1.7744849432818638e-05
2449,1.0400997948348543e-16,2.0062711998231734e-05
2450,1.1971747454533675e-16,2.1577638504344578e-05
2451,1.1550229630607153e-16,2.119777085083924e-05
2452,1.0892658651148324e-16,2.059436124832394e-05
2453,1.0156442630287482e-16,1.9898392560788995e-05
2454,1.0736563068705697e-16,2.0466675405303812e-05
2455,9.736782917470197e-17,1.9513755196990386e-05
2456,1.0220048433495662e-16,1.9998018071843427e-05
2457,9.793792202982556e-17,1.9580980919010615e-05
2458,1.388708425597882e-16,2.3672893016208723e-05
2459,1.0845331389950885e-16,2.108030090500927e-05
2460,8.008133525211333e-17,1.8322940038601002e-05
2461,7.354954129424821e-17,1.757568932994539e-05
2462,7.088321090314166e-17,1.7257110901171795e-05
2463,1.0436546499073255e-16,2.1332878382982915e-05
2464,1.0214239799634003e-16,2.1105674787268517e-05
2465,8.824051856798718e-17,1.966940272051546e-05
2466,8.567127061760224e-17,1.938305143062563e-05
2467,8.056596805592776e-17,1.8805516269722408e-05
2468,5.856062155557063e-17,1.6237298499744915e-05
2469,4.7229101671011134e-17,1.4666334378003237e-05
2470,4.388402909425953e-17,1.4146951717804974e-05
2471,6.131152254887533e-17,1.695601361974714e-05
2472,6.655680857569619e-17,1.7681318893640355e-05
2473,6.651711733201234e-17,1.767604675430647e-05
2474,6.182323212508418e-17,1.7052377707113113e-05
2475,6.173476626865254e-17,1.7040177170630295e-05
2476,5.5341098081537575e-17,1.6157779412740157e-05
2477,5.01485456236705e-17,1.5399752195068377e-05
2478,4.846322001336519e-17,1.5140985002082686e-05
2479,4.40805605704238e-17,1.4456364986362399e-05
2480,4.211929003458574e-17,1.4134762421238748e-05
2481,3.925217158371721e-17,1.3653675986694156e-05
2482,4.118382400953146e-17,1.3989633913056632e-05
2483,4.765892437789784e-17,1.508938953170413e-05
2484,4.5947324992335286e-17,1.4818433040468709e-05
2485,3.180695283762357e-17,1.2538233290245404e-05
2486,4.1295125675341414e-17,1.440834208602976e-05
2487,4.081159611496679e-17,1.4323987586550112e-05
2488,3.8481270810730026e-17,1.3915040695126405e-05
2489,3.9959219745227465e-17,1.4182257956089576e-05
2490,3.8058422320913497e-17,1.384494407001062e-05
